-- MySQL dump 10.14  Distrib 5.5.44-MariaDB, for Linux (x86_64)
--
-- Host: 172.17.0.30    Database: t3n_m12_io
-- ------------------------------------------------------
-- Server version	10.0.21-MariaDB

/*!40101 SET @OLD_CHARACTER_SET_CLIENT=@@CHARACTER_SET_CLIENT */;
/*!40101 SET @OLD_CHARACTER_SET_RESULTS=@@CHARACTER_SET_RESULTS */;
/*!40101 SET @OLD_COLLATION_CONNECTION=@@COLLATION_CONNECTION */;
/*!40101 SET NAMES utf8 */;
/*!40103 SET @OLD_TIME_ZONE=@@TIME_ZONE */;
/*!40103 SET TIME_ZONE='+00:00' */;
/*!40014 SET @OLD_UNIQUE_CHECKS=@@UNIQUE_CHECKS, UNIQUE_CHECKS=0 */;
/*!40014 SET @OLD_FOREIGN_KEY_CHECKS=@@FOREIGN_KEY_CHECKS, FOREIGN_KEY_CHECKS=0 */;
/*!40101 SET @OLD_SQL_MODE=@@SQL_MODE, SQL_MODE='NO_AUTO_VALUE_ON_ZERO' */;
/*!40111 SET @OLD_SQL_NOTES=@@SQL_NOTES, SQL_NOTES=0 */;

--
-- Table structure for table `typo3_flow_resource_resource`
--

DROP TABLE IF EXISTS `typo3_flow_resource_resource`;
/*!40101 SET @saved_cs_client     = @@character_set_client */;
/*!40101 SET character_set_client = utf8 */;
CREATE TABLE `typo3_flow_resource_resource` (
  `persistence_object_identifier` varchar(40) COLLATE utf8_unicode_ci NOT NULL,
  `resourcepointer` varchar(255) COLLATE utf8_unicode_ci DEFAULT NULL,
  `filename` varchar(255) COLLATE utf8_unicode_ci NOT NULL,
  `fileextension` varchar(255) COLLATE utf8_unicode_ci NOT NULL,
  `publishingconfiguration` varchar(40) COLLATE utf8_unicode_ci DEFAULT NULL,
  PRIMARY KEY (`persistence_object_identifier`),
  KEY `IDX_B4D45B323CB65D1` (`resourcepointer`),
  KEY `IDX_B4D45B32A4A851AF` (`publishingconfiguration`),
  CONSTRAINT `FK_B4D45B32A4A851AF` FOREIGN KEY (`publishingconfiguration`) REFERENCES `typo3_flow_resource_publishing_abstractpublishingconfiguration` (`persistence_object_identifier`),
  CONSTRAINT `typo3_flow_resource_resource_ibfk_1` FOREIGN KEY (`resourcepointer`) REFERENCES `typo3_flow_resource_resourcepointer` (`hash`)
) ENGINE=InnoDB DEFAULT CHARSET=utf8 COLLATE=utf8_unicode_ci;
/*!40101 SET character_set_client = @saved_cs_client */;

--
-- Dumping data for table `typo3_flow_resource_resource`
--

LOCK TABLES `typo3_flow_resource_resource` WRITE;
/*!40000 ALTER TABLE `typo3_flow_resource_resource` DISABLE KEYS */;
INSERT INTO `typo3_flow_resource_resource` VALUES ('13d72606-fc7d-d83f-7c0f-4c901168cdc9','e34fb474f62dd244ccbf1021c23a4d3c1dfaa5e6','sam1.jpg','jpg',NULL),('2a12ea96-1ee9-79ca-5334-77abac626714','73da3b8435501edced9d46f9e040fbec2f2d1846','typo3 poland.png','png',NULL),('48cc6593-fc28-3b82-906a-cb5f473286ed','a4ce272af1f03e4b4703c55d1a5803dbf2c9529e','10153791_425203787614914_1065544561_n.jpg','jpg',NULL),('59cc8f83-826a-a327-b619-1a487403c784','b724e60071ec797f666678049f19193c8ce988a2','typo3 india.png','png',NULL),('6b1bd130-4266-1913-5aac-469af83aad9b','09fd406afaa97fa3991690dc61c3a8836923dd39','typo3 china.png','png',NULL),('776c7a43-1ad5-1dce-7ebb-496893039928','4ab5a33c6213cc867d238eff8a74e2c942028e8a','typo3 germany.png','png',NULL),('9378fb2e-5bef-102f-6083-37f2eea93803','c02a969a3cad06c231fc8f18bb17838d8a0b09d9','splash-warsaw.jpg','jpg',NULL),('b7a1b803-3561-811e-2cf3-0f525c2473b9','8f27ec028196a2a0fb1bf812b9b8cb20741fe701','pozgo.jpg','jpg',NULL),('bdb5f225-2d36-fa66-79d5-a22d40a34c47','043f782b6e046ee5f04b47edca5ac489cc4cf1aa','typo3 us.png','png',NULL),('d47fcd76-5ecb-c0c1-f491-2b6d28a5f336','1e4d979afd58141c70380b69be8db0c3d432912f','ad23704e8125152b475dc2d8f9edd11a.png','png',NULL),('eadc0825-9b57-b165-b0ce-e811a07ca350','d98ee60ff4451ded60b464f8e27f47bd772ff94c','typo3 uk.png','png',NULL),('f58bbee1-554f-023d-3f5c-371345586397','85d1eea995528d0eb26af4a5ca3c44cdb0928a05','IMG_0216.jpg','jpg',NULL);
/*!40000 ALTER TABLE `typo3_flow_resource_resource` ENABLE KEYS */;
UNLOCK TABLES;

--
-- Table structure for table `typo3_flow_resource_resourcepointer`
--

DROP TABLE IF EXISTS `typo3_flow_resource_resourcepointer`;
/*!40101 SET @saved_cs_client     = @@character_set_client */;
/*!40101 SET character_set_client = utf8 */;
CREATE TABLE `typo3_flow_resource_resourcepointer` (
  `hash` varchar(255) COLLATE utf8_unicode_ci NOT NULL,
  PRIMARY KEY (`hash`)
) ENGINE=InnoDB DEFAULT CHARSET=utf8 COLLATE=utf8_unicode_ci;
/*!40101 SET character_set_client = @saved_cs_client */;

--
-- Dumping data for table `typo3_flow_resource_resourcepointer`
--

LOCK TABLES `typo3_flow_resource_resourcepointer` WRITE;
/*!40000 ALTER TABLE `typo3_flow_resource_resourcepointer` DISABLE KEYS */;
INSERT INTO `typo3_flow_resource_resourcepointer` VALUES ('043f782b6e046ee5f04b47edca5ac489cc4cf1aa'),('09fd406afaa97fa3991690dc61c3a8836923dd39'),('1e4d979afd58141c70380b69be8db0c3d432912f'),('4ab5a33c6213cc867d238eff8a74e2c942028e8a'),('73da3b8435501edced9d46f9e040fbec2f2d1846'),('85d1eea995528d0eb26af4a5ca3c44cdb0928a05'),('8f27ec028196a2a0fb1bf812b9b8cb20741fe701'),('a4ce272af1f03e4b4703c55d1a5803dbf2c9529e'),('b724e60071ec797f666678049f19193c8ce988a2'),('c02a969a3cad06c231fc8f18bb17838d8a0b09d9'),('d98ee60ff4451ded60b464f8e27f47bd772ff94c'),('e34fb474f62dd244ccbf1021c23a4d3c1dfaa5e6');
/*!40000 ALTER TABLE `typo3_flow_resource_resourcepointer` ENABLE KEYS */;
UNLOCK TABLES;

--
-- Table structure for table `typo3_media_domain_model_asset`
--

DROP TABLE IF EXISTS `typo3_media_domain_model_asset`;
/*!40101 SET @saved_cs_client     = @@character_set_client */;
/*!40101 SET character_set_client = utf8 */;
CREATE TABLE `typo3_media_domain_model_asset` (
  `persistence_object_identifier` varchar(40) COLLATE utf8_unicode_ci NOT NULL,
  `dtype` varchar(255) COLLATE utf8_unicode_ci NOT NULL,
  `resource` varchar(40) COLLATE utf8_unicode_ci DEFAULT NULL,
  `title` varchar(255) COLLATE utf8_unicode_ci NOT NULL,
  `caption` longtext COLLATE utf8_unicode_ci NOT NULL,
  `lastmodified` datetime NOT NULL,
  PRIMARY KEY (`persistence_object_identifier`),
  KEY `IDX_B8306B8EBC91F416` (`resource`),
  CONSTRAINT `FK_B8306B8EBC91F416` FOREIGN KEY (`resource`) REFERENCES `typo3_flow_resource_resource` (`persistence_object_identifier`)
) ENGINE=InnoDB DEFAULT CHARSET=utf8 COLLATE=utf8_unicode_ci;
/*!40101 SET character_set_client = @saved_cs_client */;

--
-- Dumping data for table `typo3_media_domain_model_asset`
--

LOCK TABLES `typo3_media_domain_model_asset` WRITE;
/*!40000 ALTER TABLE `typo3_media_domain_model_asset` DISABLE KEYS */;
INSERT INTO `typo3_media_domain_model_asset` VALUES ('44b2a905-cd24-172b-0c27-a4663fc39b9a','typo3_media_image','2a12ea96-1ee9-79ca-5334-77abac626714','','','2015-01-06 10:30:47'),('5f43f3fe-584d-6e49-40ee-ef8f45897a7b','typo3_media_image','f58bbee1-554f-023d-3f5c-371345586397','','','2015-01-06 10:30:41'),('688e5562-91e7-c260-150c-743a6982200c','typo3_media_image','776c7a43-1ad5-1dce-7ebb-496893039928','','','2015-01-06 10:30:46'),('68e90437-9c5c-6efe-113c-88cee17327c5','typo3_media_image','6b1bd130-4266-1913-5aac-469af83aad9b','','','2015-01-06 10:30:46'),('699337f9-56ae-f373-9051-a5e3382ecc1e','typo3_media_image','b7a1b803-3561-811e-2cf3-0f525c2473b9','','','2015-01-06 10:30:43'),('8a19c565-1286-e965-dc63-8f3ca7d330d8','typo3_media_image','48cc6593-fc28-3b82-906a-cb5f473286ed','','','2015-01-06 10:30:43'),('a05bab8f-4a2d-555b-cdcd-969057b25604','typo3_media_image','bdb5f225-2d36-fa66-79d5-a22d40a34c47','','','2015-01-06 10:30:46'),('a510390c-d05c-2985-2843-994d2fe18128','typo3_media_image','eadc0825-9b57-b165-b0ce-e811a07ca350','','','2015-01-06 10:30:46'),('b2b54d5b-ae69-3d7a-8d44-d6eabf9dc741','typo3_media_image','59cc8f83-826a-a327-b619-1a487403c784','','','2015-01-06 10:30:46'),('e5de8857-3a7e-8c24-fd5c-fd40a433eafb','typo3_media_image','9378fb2e-5bef-102f-6083-37f2eea93803','splash-warsaw.jpg','','2015-01-06 10:30:41'),('f0f06acd-74ca-4b58-80b6-77b076b5fb89','typo3_media_image','13d72606-fc7d-d83f-7c0f-4c901168cdc9','','','2015-01-06 10:30:42'),('f6cdbeab-836c-31ca-5eaf-c65b38688912','typo3_media_image','d47fcd76-5ecb-c0c1-f491-2b6d28a5f336','','','2015-01-06 10:30:46');
/*!40000 ALTER TABLE `typo3_media_domain_model_asset` ENABLE KEYS */;
UNLOCK TABLES;

--
-- Table structure for table `typo3_media_domain_model_asset_tags_join`
--

DROP TABLE IF EXISTS `typo3_media_domain_model_asset_tags_join`;
/*!40101 SET @saved_cs_client     = @@character_set_client */;
/*!40101 SET character_set_client = utf8 */;
CREATE TABLE `typo3_media_domain_model_asset_tags_join` (
  `media_asset` varchar(40) COLLATE utf8_unicode_ci NOT NULL,
  `media_tag` varchar(40) COLLATE utf8_unicode_ci NOT NULL,
  PRIMARY KEY (`media_asset`,`media_tag`),
  KEY `IDX_DAF7A1EB1DB69EED` (`media_asset`),
  KEY `IDX_DAF7A1EB48D8C57E` (`media_tag`),
  CONSTRAINT `FK_DAF7A1EB1DB69EED` FOREIGN KEY (`media_asset`) REFERENCES `typo3_media_domain_model_asset` (`persistence_object_identifier`),
  CONSTRAINT `FK_DAF7A1EB48D8C57E` FOREIGN KEY (`media_tag`) REFERENCES `typo3_media_domain_model_tag` (`persistence_object_identifier`)
) ENGINE=InnoDB DEFAULT CHARSET=utf8 COLLATE=utf8_unicode_ci;
/*!40101 SET character_set_client = @saved_cs_client */;

--
-- Dumping data for table `typo3_media_domain_model_asset_tags_join`
--

LOCK TABLES `typo3_media_domain_model_asset_tags_join` WRITE;
/*!40000 ALTER TABLE `typo3_media_domain_model_asset_tags_join` DISABLE KEYS */;
/*!40000 ALTER TABLE `typo3_media_domain_model_asset_tags_join` ENABLE KEYS */;
UNLOCK TABLES;

--
-- Table structure for table `typo3_media_domain_model_audio`
--

DROP TABLE IF EXISTS `typo3_media_domain_model_audio`;
/*!40101 SET @saved_cs_client     = @@character_set_client */;
/*!40101 SET character_set_client = utf8 */;
CREATE TABLE `typo3_media_domain_model_audio` (
  `persistence_object_identifier` varchar(40) COLLATE utf8_unicode_ci NOT NULL,
  PRIMARY KEY (`persistence_object_identifier`),
  CONSTRAINT `FK_A2E2074747A46B0A` FOREIGN KEY (`persistence_object_identifier`) REFERENCES `typo3_media_domain_model_asset` (`persistence_object_identifier`) ON DELETE CASCADE
) ENGINE=InnoDB DEFAULT CHARSET=utf8 COLLATE=utf8_unicode_ci;
/*!40101 SET character_set_client = @saved_cs_client */;

--
-- Dumping data for table `typo3_media_domain_model_audio`
--

LOCK TABLES `typo3_media_domain_model_audio` WRITE;
/*!40000 ALTER TABLE `typo3_media_domain_model_audio` DISABLE KEYS */;
/*!40000 ALTER TABLE `typo3_media_domain_model_audio` ENABLE KEYS */;
UNLOCK TABLES;

--
-- Table structure for table `typo3_media_domain_model_document`
--

DROP TABLE IF EXISTS `typo3_media_domain_model_document`;
/*!40101 SET @saved_cs_client     = @@character_set_client */;
/*!40101 SET character_set_client = utf8 */;
CREATE TABLE `typo3_media_domain_model_document` (
  `persistence_object_identifier` varchar(40) COLLATE utf8_unicode_ci NOT NULL,
  PRIMARY KEY (`persistence_object_identifier`),
  CONSTRAINT `FK_F089E2F547A46B0A` FOREIGN KEY (`persistence_object_identifier`) REFERENCES `typo3_media_domain_model_asset` (`persistence_object_identifier`) ON DELETE CASCADE
) ENGINE=InnoDB DEFAULT CHARSET=utf8 COLLATE=utf8_unicode_ci;
/*!40101 SET character_set_client = @saved_cs_client */;

--
-- Dumping data for table `typo3_media_domain_model_document`
--

LOCK TABLES `typo3_media_domain_model_document` WRITE;
/*!40000 ALTER TABLE `typo3_media_domain_model_document` DISABLE KEYS */;
/*!40000 ALTER TABLE `typo3_media_domain_model_document` ENABLE KEYS */;
UNLOCK TABLES;

--
-- Table structure for table `typo3_media_domain_model_image`
--

DROP TABLE IF EXISTS `typo3_media_domain_model_image`;
/*!40101 SET @saved_cs_client     = @@character_set_client */;
/*!40101 SET character_set_client = utf8 */;
CREATE TABLE `typo3_media_domain_model_image` (
  `persistence_object_identifier` varchar(40) COLLATE utf8_unicode_ci NOT NULL,
  `width` int(11) NOT NULL,
  `height` int(11) NOT NULL,
  `type` int(11) NOT NULL,
  `imagevariants` longtext COLLATE utf8_unicode_ci NOT NULL COMMENT '(DC2Type:array)',
  PRIMARY KEY (`persistence_object_identifier`),
  CONSTRAINT `FK_7FA2358D47A46B0A` FOREIGN KEY (`persistence_object_identifier`) REFERENCES `typo3_media_domain_model_asset` (`persistence_object_identifier`) ON DELETE CASCADE
) ENGINE=InnoDB DEFAULT CHARSET=utf8 COLLATE=utf8_unicode_ci;
/*!40101 SET character_set_client = @saved_cs_client */;

--
-- Dumping data for table `typo3_media_domain_model_image`
--

LOCK TABLES `typo3_media_domain_model_image` WRITE;
/*!40000 ALTER TABLE `typo3_media_domain_model_image` DISABLE KEYS */;
INSERT INTO `typo3_media_domain_model_image` VALUES ('44b2a905-cd24-172b-0c27-a4663fc39b9a',801,526,3,'a:0:{}'),('5f43f3fe-584d-6e49-40ee-ef8f45897a7b',1280,960,2,'a:0:{}'),('688e5562-91e7-c260-150c-743a6982200c',803,459,3,'a:0:{}'),('68e90437-9c5c-6efe-113c-88cee17327c5',798,525,3,'a:0:{}'),('699337f9-56ae-f373-9051-a5e3382ecc1e',448,448,2,'a:0:{}'),('8a19c565-1286-e965-dc63-8f3ca7d330d8',640,426,2,'a:0:{}'),('a05bab8f-4a2d-555b-cdcd-969057b25604',799,523,3,'a:0:{}'),('a510390c-d05c-2985-2843-994d2fe18128',801,528,3,'a:0:{}'),('b2b54d5b-ae69-3d7a-8d44-d6eabf9dc741',800,527,3,'a:0:{}'),('e5de8857-3a7e-8c24-fd5c-fd40a433eafb',2000,1394,2,'a:0:{}'),('f0f06acd-74ca-4b58-80b6-77b076b5fb89',720,960,2,'a:0:{}'),('f6cdbeab-836c-31ca-5eaf-c65b38688912',801,463,3,'a:0:{}');
/*!40000 ALTER TABLE `typo3_media_domain_model_image` ENABLE KEYS */;
UNLOCK TABLES;

--
-- Table structure for table `typo3_media_domain_model_tag`
--

DROP TABLE IF EXISTS `typo3_media_domain_model_tag`;
/*!40101 SET @saved_cs_client     = @@character_set_client */;
/*!40101 SET character_set_client = utf8 */;
CREATE TABLE `typo3_media_domain_model_tag` (
  `persistence_object_identifier` varchar(40) COLLATE utf8_unicode_ci NOT NULL,
  `label` varchar(255) COLLATE utf8_unicode_ci NOT NULL,
  PRIMARY KEY (`persistence_object_identifier`)
) ENGINE=InnoDB DEFAULT CHARSET=utf8 COLLATE=utf8_unicode_ci;
/*!40101 SET character_set_client = @saved_cs_client */;

--
-- Dumping data for table `typo3_media_domain_model_tag`
--

LOCK TABLES `typo3_media_domain_model_tag` WRITE;
/*!40000 ALTER TABLE `typo3_media_domain_model_tag` DISABLE KEYS */;
/*!40000 ALTER TABLE `typo3_media_domain_model_tag` ENABLE KEYS */;
UNLOCK TABLES;

--
-- Table structure for table `typo3_media_domain_model_video`
--

DROP TABLE IF EXISTS `typo3_media_domain_model_video`;
/*!40101 SET @saved_cs_client     = @@character_set_client */;
/*!40101 SET character_set_client = utf8 */;
CREATE TABLE `typo3_media_domain_model_video` (
  `persistence_object_identifier` varchar(40) COLLATE utf8_unicode_ci NOT NULL,
  `width` int(11) NOT NULL,
  `height` int(11) NOT NULL,
  PRIMARY KEY (`persistence_object_identifier`),
  CONSTRAINT `FK_C658EBFE47A46B0A` FOREIGN KEY (`persistence_object_identifier`) REFERENCES `typo3_media_domain_model_asset` (`persistence_object_identifier`) ON DELETE CASCADE
) ENGINE=InnoDB DEFAULT CHARSET=utf8 COLLATE=utf8_unicode_ci;
/*!40101 SET character_set_client = @saved_cs_client */;

--
-- Dumping data for table `typo3_media_domain_model_video`
--

LOCK TABLES `typo3_media_domain_model_video` WRITE;
/*!40000 ALTER TABLE `typo3_media_domain_model_video` DISABLE KEYS */;
/*!40000 ALTER TABLE `typo3_media_domain_model_video` ENABLE KEYS */;
UNLOCK TABLES;

--
-- Table structure for table `typo3_neos_domain_model_domain`
--

DROP TABLE IF EXISTS `typo3_neos_domain_model_domain`;
/*!40101 SET @saved_cs_client     = @@character_set_client */;
/*!40101 SET character_set_client = utf8 */;
CREATE TABLE `typo3_neos_domain_model_domain` (
  `persistence_object_identifier` varchar(40) COLLATE utf8_unicode_ci NOT NULL,
  `site` varchar(40) COLLATE utf8_unicode_ci DEFAULT NULL,
  `hostpattern` varchar(255) COLLATE utf8_unicode_ci NOT NULL,
  `active` tinyint(1) NOT NULL,
  PRIMARY KEY (`persistence_object_identifier`),
  UNIQUE KEY `flow_identity_typo3_neos_domain_model_domain` (`hostpattern`),
  KEY `IDX_F227E8F6694309E4` (`site`),
  CONSTRAINT `typo3_neos_domain_model_domain_ibfk_1` FOREIGN KEY (`site`) REFERENCES `typo3_neos_domain_model_site` (`persistence_object_identifier`)
) ENGINE=InnoDB DEFAULT CHARSET=utf8 COLLATE=utf8_unicode_ci;
/*!40101 SET character_set_client = @saved_cs_client */;

--
-- Dumping data for table `typo3_neos_domain_model_domain`
--

LOCK TABLES `typo3_neos_domain_model_domain` WRITE;
/*!40000 ALTER TABLE `typo3_neos_domain_model_domain` DISABLE KEYS */;
/*!40000 ALTER TABLE `typo3_neos_domain_model_domain` ENABLE KEYS */;
UNLOCK TABLES;

--
-- Table structure for table `typo3_neos_domain_model_site`
--

DROP TABLE IF EXISTS `typo3_neos_domain_model_site`;
/*!40101 SET @saved_cs_client     = @@character_set_client */;
/*!40101 SET character_set_client = utf8 */;
CREATE TABLE `typo3_neos_domain_model_site` (
  `persistence_object_identifier` varchar(40) COLLATE utf8_unicode_ci NOT NULL,
  `name` varchar(255) COLLATE utf8_unicode_ci NOT NULL,
  `nodename` varchar(255) COLLATE utf8_unicode_ci NOT NULL,
  `state` int(11) NOT NULL,
  `siteresourcespackagekey` varchar(255) COLLATE utf8_unicode_ci NOT NULL,
  PRIMARY KEY (`persistence_object_identifier`),
  UNIQUE KEY `flow3_identity_typo3_typo3_domain_model_site` (`nodename`)
) ENGINE=InnoDB DEFAULT CHARSET=utf8 COLLATE=utf8_unicode_ci;
/*!40101 SET character_set_client = @saved_cs_client */;

--
-- Dumping data for table `typo3_neos_domain_model_site`
--

LOCK TABLES `typo3_neos_domain_model_site` WRITE;
/*!40000 ALTER TABLE `typo3_neos_domain_model_site` DISABLE KEYS */;
INSERT INTO `typo3_neos_domain_model_site` VALUES ('8103b221-fd48-3d12-b5e2-98d6b884de62','M12.io','m12',1,'M12.Site');
/*!40000 ALTER TABLE `typo3_neos_domain_model_site` ENABLE KEYS */;
UNLOCK TABLES;

--
-- Table structure for table `typo3_typo3cr_domain_model_contentobjectproxy`
--

DROP TABLE IF EXISTS `typo3_typo3cr_domain_model_contentobjectproxy`;
/*!40101 SET @saved_cs_client     = @@character_set_client */;
/*!40101 SET character_set_client = utf8 */;
CREATE TABLE `typo3_typo3cr_domain_model_contentobjectproxy` (
  `persistence_object_identifier` varchar(40) COLLATE utf8_unicode_ci NOT NULL,
  `targettype` varchar(255) COLLATE utf8_unicode_ci NOT NULL,
  `targetid` varchar(255) COLLATE utf8_unicode_ci NOT NULL,
  PRIMARY KEY (`persistence_object_identifier`)
) ENGINE=InnoDB DEFAULT CHARSET=utf8 COLLATE=utf8_unicode_ci;
/*!40101 SET character_set_client = @saved_cs_client */;

--
-- Dumping data for table `typo3_typo3cr_domain_model_contentobjectproxy`
--

LOCK TABLES `typo3_typo3cr_domain_model_contentobjectproxy` WRITE;
/*!40000 ALTER TABLE `typo3_typo3cr_domain_model_contentobjectproxy` DISABLE KEYS */;
/*!40000 ALTER TABLE `typo3_typo3cr_domain_model_contentobjectproxy` ENABLE KEYS */;
UNLOCK TABLES;

--
-- Table structure for table `typo3_typo3cr_domain_model_nodedata`
--

DROP TABLE IF EXISTS `typo3_typo3cr_domain_model_nodedata`;
/*!40101 SET @saved_cs_client     = @@character_set_client */;
/*!40101 SET character_set_client = utf8 */;
CREATE TABLE `typo3_typo3cr_domain_model_nodedata` (
  `persistence_object_identifier` varchar(40) COLLATE utf8_unicode_ci NOT NULL,
  `workspace` varchar(255) COLLATE utf8_unicode_ci DEFAULT NULL,
  `contentobjectproxy` varchar(40) COLLATE utf8_unicode_ci DEFAULT NULL,
  `path` varchar(4000) COLLATE utf8_unicode_ci NOT NULL,
  `identifier` varchar(255) COLLATE utf8_unicode_ci NOT NULL,
  `sortingindex` int(11) DEFAULT NULL,
  `properties` longblob NOT NULL COMMENT '(DC2Type:objectarray)',
  `nodetype` varchar(255) COLLATE utf8_unicode_ci NOT NULL,
  `removed` tinyint(1) NOT NULL,
  `hidden` tinyint(1) NOT NULL,
  `hiddenbeforedatetime` datetime DEFAULT NULL,
  `hiddenafterdatetime` datetime DEFAULT NULL,
  `hiddeninindex` tinyint(1) NOT NULL,
  `accessroles` longtext COLLATE utf8_unicode_ci NOT NULL COMMENT '(DC2Type:array)',
  `version` int(11) NOT NULL DEFAULT '1',
  `parentpath` varchar(4000) COLLATE utf8_unicode_ci NOT NULL,
  `pathhash` varchar(32) COLLATE utf8_unicode_ci NOT NULL,
  `dimensionshash` varchar(32) COLLATE utf8_unicode_ci NOT NULL,
  `dimensionvalues` longblob NOT NULL COMMENT '(DC2Type:objectarray)',
  `parentpathhash` varchar(32) COLLATE utf8_unicode_ci NOT NULL,
  `movedto` varchar(40) COLLATE utf8_unicode_ci DEFAULT NULL,
  PRIMARY KEY (`persistence_object_identifier`),
  UNIQUE KEY `UNIQ_60A956B92DBEC7578D94001992F8FB01` (`pathhash`,`workspace`,`dimensionshash`),
  UNIQUE KEY `UNIQ_60A956B9772E836A8D94001992F8FB012D45FE4D` (`identifier`,`workspace`,`dimensionshash`,`movedto`),
  KEY `IDX_820CADC88D940019` (`workspace`),
  KEY `IDX_820CADC84930C33C` (`contentobjectproxy`),
  KEY `parentpath_sortingindex` (`parentpathhash`,`sortingindex`),
  KEY `identifierindex` (`identifier`),
  KEY `nodetypeindex` (`nodetype`),
  KEY `IDX_60A956B92D45FE4D` (`movedto`),
  CONSTRAINT `FK_60A956B92D45FE4D` FOREIGN KEY (`movedto`) REFERENCES `typo3_typo3cr_domain_model_nodedata` (`persistence_object_identifier`) ON DELETE SET NULL,
  CONSTRAINT `FK_60A956B98D940019` FOREIGN KEY (`workspace`) REFERENCES `typo3_typo3cr_domain_model_workspace` (`name`) ON DELETE SET NULL,
  CONSTRAINT `typo3_typo3cr_domain_model_nodedata_ibfk_2` FOREIGN KEY (`contentobjectproxy`) REFERENCES `typo3_typo3cr_domain_model_contentobjectproxy` (`persistence_object_identifier`)
) ENGINE=InnoDB DEFAULT CHARSET=utf8 COLLATE=utf8_unicode_ci;
/*!40101 SET character_set_client = @saved_cs_client */;

--
-- Dumping data for table `typo3_typo3cr_domain_model_nodedata`
--

LOCK TABLES `typo3_typo3cr_domain_model_nodedata` WRITE;
/*!40000 ALTER TABLE `typo3_typo3cr_domain_model_nodedata` DISABLE KEYS */;
INSERT INTO `typo3_typo3cr_domain_model_nodedata` VALUES ('009de51f-6cbb-a3be-db30-015fda07aaff','live',NULL,'/sites/m12/blog/compile-neos-css-with-sourcemaps/main/node538b371ba2137','dba7726e-97a1-c15c-3a5f-9a510f7445f4',500,'a:5:{s:9:\"showTitle\";b:1;s:5:\"title\";s:5:\"Code:\";s:6:\"source\";s:37:\"sass_options = { :sourcemap => true }\";s:9:\"classHide\";b:0;s:13:\"classClearfix\";b:0;}','M12.Neos.NodeType.CodeSnippet:CodeSnippet',0,0,NULL,NULL,0,'a:0:{}',2,'/sites/m12/blog/compile-neos-css-with-sourcemaps/main','596c5b540f8318dce9142f6ade08b4e2','d751713988987e9331980363e24189ce','a:0:{}','6945accb9ea6cd7904ef4d235bde3ddd',NULL),('011b090d-6444-8f2d-5da6-e819c7065f70','live',NULL,'/sites/m12/blog/compile-neos-css-with-sourcemaps/synopsis','a899673d-d68d-2c40-e2f2-a3c13bdc91f8',100,'a:0:{}','TYPO3.Neos:ContentCollection',0,0,NULL,NULL,0,'a:0:{}',2,'/sites/m12/blog/compile-neos-css-with-sourcemaps','69107db3d123c8bfe4027523358184d6','d751713988987e9331980363e24189ce','a:0:{}','6a735ebdb6f194fe59353dd21fca8b5d',NULL),('055d56fa-da0c-5588-b9c5-6b1a65505cba','live',NULL,'/sites/m12/blog/vagrant-with-typo3-flow-neos','4e78025b-783d-b5c7-fb8c-94723f11f42f',500,'a:5:{s:5:\"title\";s:40:\"I did Vagrant/Chef setup with TYPO3 Neos\";s:6:\"author\";s:14:\"Marcin Ryzycki\";s:13:\"datePublished\";O:8:\"DateTime\":3:{s:4:\"date\";s:26:\"2014-01-11 00:00:00.000000\";s:13:\"timezone_type\";i:1;s:8:\"timezone\";s:6:\"+00:00\";}s:4:\"tags\";s:38:\"dev-ops, typo3, typo3-neos, typo3-flow\";s:14:\"uriPathSegment\";s:28:\"vagrant-with-typo3-flow-neos\";}','M12.Plugin.Blog:Post',0,0,NULL,NULL,1,'a:0:{}',3,'/sites/m12/blog','b2baa4e37319618365cbe98b84c14247','d751713988987e9331980363e24189ce','a:0:{}','61ac89e104d8c6d5c0c9601c04315320',NULL),('057ad278-4891-08ab-549f-d008865f71c3','live',NULL,'/sites/m12/blog/typo3-vs-drupal-stats/main/node5389f5c830f84','0f53d9e8-0bd5-a4ad-e916-0e6fd038f07a',600,'a:7:{s:7:\"caption\";s:25:\"<p>Enter caption here</p>\";s:13:\"customTagName\";s:3:\"div\";s:4:\"text\";s:178:\"<p>It doesn’t look best for TYPO3: shortly after Acquia was founded, TYPO3 lost the lead. But it’s also interesting that overall trend is downside, for both of them.<br/></p>\";s:9:\"classHide\";b:0;s:13:\"classClearfix\";b:0;s:5:\"image\";O:37:\"TYPO3\\Media\\Domain\\Model\\ImageVariant\":3:{s:16:\"\0*\0originalImage\";O:30:\"TYPO3\\Media\\Domain\\Model\\Image\":10:{s:32:\"\0*\0Persistence_Object_Identifier\";s:36:\"f6cdbeab-836c-31ca-5eaf-c65b38688912\";s:8:\"\0*\0width\";i:801;s:9:\"\0*\0height\";i:463;s:7:\"\0*\0type\";i:3;s:16:\"\0*\0imageVariants\";a:0:{}s:15:\"\0*\0lastModified\";O:8:\"DateTime\":3:{s:4:\"date\";s:26:\"2015-01-06 10:30:46.000000\";s:13:\"timezone_type\";i:3;s:8:\"timezone\";s:3:\"GMT\";}s:8:\"\0*\0title\";s:0:\"\";s:10:\"\0*\0caption\";s:0:\"\";s:32:\"Flow_Persistence_RelatedEntities\";a:1:{s:8:\"resource\";a:3:{s:12:\"propertyName\";s:8:\"resource\";s:10:\"entityType\";s:28:\"TYPO3\\Flow\\Resource\\Resource\";s:10:\"identifier\";s:36:\"d47fcd76-5ecb-c0c1-f491-2b6d28a5f336\";}}s:7:\"\0*\0tags\";O:33:\"Doctrine\\ORM\\PersistentCollection\":2:{s:39:\"\0Doctrine\\ORM\\PersistentCollection\0coll\";O:43:\"Doctrine\\Common\\Collections\\ArrayCollection\":1:{s:54:\"\0Doctrine\\Common\\Collections\\ArrayCollection\0_elements\";a:0:{}}s:46:\"\0Doctrine\\ORM\\PersistentCollection\0initialized\";b:1;}}s:25:\"\0*\0processingInstructions\";a:2:{i:0;a:2:{s:7:\"command\";s:4:\"crop\";s:7:\"options\";a:2:{s:5:\"start\";a:2:{s:1:\"x\";i:0;s:1:\"y\";i:0;}s:4:\"size\";a:2:{s:5:\"width\";i:801;s:6:\"height\";i:463;}}}i:1;a:2:{s:7:\"command\";s:6:\"resize\";s:7:\"options\";a:1:{s:4:\"size\";a:2:{s:5:\"width\";i:801;s:6:\"height\";i:462;}}}}s:8:\"\0*\0alias\";N;}s:10:\"hasCaption\";b:0;}','TYPO3.Neos.NodeTypes:TextWithImage',0,0,NULL,NULL,0,'a:0:{}',2,'/sites/m12/blog/typo3-vs-drupal-stats/main','d1f51b5059886c8b6fc89e510dfc364f','d751713988987e9331980363e24189ce','a:0:{}','af55dff3a021a46d7b34772bf1d97f4f',NULL),('05e98799-fa57-534b-d12b-6488a471c587','live',NULL,'/sites/m12/main/node53712f7134e24/col1/column/node53712f478e475/col4/column/node5372893ba9ac6/content/node535e9afe80209','65c7de37-393f-0a37-fdde-2873805a80ea',400,'a:7:{s:14:\"classTextAlign\";s:9:\"text-left\";s:4:\"text\";s:341:\"<p>Przemek eats Docker for breakfast. He lives in Linux and open-source world and he even considers moving there permanently. He is working on our cluster cloud infrastructure based on CoreOS and Docker. Apart from that, he is a dedicated husband and a sysadmin at <a href=\"http://www.isc.ac.uk/\">International Seismological Centre</a>.</p>\";s:9:\"classHide\";b:0;s:13:\"classClearfix\";b:0;s:6:\"faSpin\";b:0;s:12:\"faFixedWidth\";b:0;s:12:\"faRightAlign\";b:0;}','TYPO3.Neos.NodeTypes:Text',0,0,NULL,NULL,0,'a:0:{}',2,'/sites/m12/main/node53712f7134e24/col1/column/node53712f478e475/col4/column/node5372893ba9ac6/content','11690f1b5aa655c0c52dd09cede25a7a','d751713988987e9331980363e24189ce','a:0:{}','6d2f47be21cdaadf710652f5219cec46',NULL),('071697de-ed9b-0f2a-8b1e-80e179871167','live',NULL,'/sites/m12/main/node53713418b9bee/col1','9c3b8b16-c321-9ead-656e-60a14a03c96c',100,'a:23:{s:13:\"customTagName\";s:0:\"\";s:9:\"classHide\";b:0;s:13:\"classClearfix\";b:0;s:10:\"classFloat\";s:0:\"\";s:14:\"classTextAlign\";s:0:\"\";s:21:\"classRadiusAndRounded\";s:0:\"\";s:21:\"classShowByScreenSize\";s:0:\"\";s:21:\"classHideByScreenSize\";s:0:\"\";s:25:\"classOrientationDetection\";s:0:\"\";s:19:\"classTouchDetection\";s:0:\"\";s:14:\"customCssClass\";s:0:\"\";s:12:\"customHtmlId\";s:0:\"\";s:13:\"customCssCode\";s:0:\"\";s:20:\"customUserAttributes\";s:0:\"\";s:10:\"customLook\";s:0:\"\";s:10:\"fragmentId\";s:0:\"\";s:15:\"magellanSupport\";b:0;s:5:\"title\";s:0:\"\";s:13:\"classGridSize\";a:2:{i:0;s:0:\"\";i:1;s:8:\"small-12\";}s:15:\"classGridOffset\";a:1:{i:0;s:0:\"\";}s:17:\"classGridPushPull\";a:1:{i:0;s:0:\"\";}s:14:\"classGridAlign\";a:1:{i:0;s:0:\"\";}s:19:\"classGridResetOrder\";a:1:{i:0;s:0:\"\";}}','M12.Foundation:Column',0,0,NULL,NULL,0,'a:0:{}',3,'/sites/m12/main/node53713418b9bee','54dde76c837ab4ea4b12f08f3e19ed9c','d751713988987e9331980363e24189ce','a:0:{}','e0c3e6ff37c02879416e8ad9e9a4e610',NULL),('07ecee4e-ac25-48d7-481d-a9e376a0316e','live',NULL,'/sites/m12/main/node53713418b9bee/col1/column/node53613510b441b','6cfe314c-54ce-2769-90b6-81482932b0b2',200,'a:19:{s:4:\"text\";s:175:\"<p>We are based in London and Reading, United Kingdom. </p><p>If you wish to contact with us, give as a shout at <a href=\"mailto:contact@m12.io\"><b>contact@m12.io</b></a>.</p>\";s:9:\"classHide\";b:0;s:13:\"classClearfix\";b:0;s:10:\"classFloat\";s:0:\"\";s:14:\"classTextAlign\";s:0:\"\";s:21:\"classRadiusAndRounded\";s:0:\"\";s:21:\"classShowByScreenSize\";s:0:\"\";s:21:\"classHideByScreenSize\";s:0:\"\";s:25:\"classOrientationDetection\";s:0:\"\";s:19:\"classTouchDetection\";s:0:\"\";s:14:\"customCssClass\";s:0:\"\";s:12:\"customHtmlId\";s:0:\"\";s:13:\"customCssCode\";s:0:\"\";s:20:\"customUserAttributes\";s:0:\"\";s:10:\"customLook\";s:0:\"\";s:13:\"customTagName\";s:0:\"\";s:6:\"faName\";s:0:\"\";s:9:\"faOptions\";a:1:{i:0;s:0:\"\";}s:11:\"faCustomCss\";s:0:\"\";}','TYPO3.Neos.NodeTypes:Text',0,0,NULL,NULL,0,'a:0:{}',3,'/sites/m12/main/node53713418b9bee/col1/column','e6b5ce2bbed6b4b9ea4af7d1f49daab4','d751713988987e9331980363e24189ce','a:0:{}','ef6c30b04efed63592566ba1159a6938',NULL),('08300413-2993-5ae3-ad77-5b4e00c53f52','live',NULL,'/sites/m12/blog/sidebar/node-543ae396b4f47','d4f8c58f-e3c8-9ed3-b94e-8893cc3fccb3',700,'a:5:{s:14:\"customCssClass\";s:13:\"products-list\";s:13:\"customTagName\";s:3:\"div\";s:9:\"classHide\";b:0;s:13:\"classClearfix\";b:0;s:15:\"magellanSupport\";b:0;}','M12.Foundation:Container',0,0,NULL,NULL,0,'a:0:{}',2,'/sites/m12/blog/sidebar','d383c69fd1174a06b1648814b46b0d2c','d751713988987e9331980363e24189ce','a:0:{}','770257cf45b25229dd765ca8a1bd0779',NULL),('09d255e8-9657-e266-c894-dbbc39d767e4','live',NULL,'/sites/m12/blog/compile-neos-css-with-sourcemaps/main/node538b2ddc5bf64','e6a97fa5-a97d-a3bf-88ba-7c94bc7561f1',200,'a:5:{s:5:\"title\";s:12:\"Environment:\";s:9:\"showTitle\";b:1;s:6:\"source\";s:14:\"ruby 2.0.0p353\";s:9:\"classHide\";b:0;s:13:\"classClearfix\";b:0;}','M12.Neos.NodeType.CodeSnippet:CodeSnippet',0,0,NULL,NULL,0,'a:0:{}',2,'/sites/m12/blog/compile-neos-css-with-sourcemaps/main','0d80403a500719dbed0738954d84aa47','d751713988987e9331980363e24189ce','a:0:{}','6945accb9ea6cd7904ef4d235bde3ddd',NULL),('0b2e4ec1-8392-1dd2-3326-f5ddbfdd89b9','live',NULL,'/sites/m12/main/node53712414795c7','2a15dca7-3299-d410-705c-9878d66d5020',100,'a:20:{s:14:\"customCssClass\";s:13:\"section-about\";s:10:\"customLook\";s:9:\"bg-darker\";s:13:\"customTagName\";s:7:\"section\";s:10:\"fragmentId\";s:5:\"about\";s:9:\"classHide\";b:0;s:13:\"classClearfix\";b:0;s:15:\"magellanSupport\";b:1;s:16:\"gridExtraWrapper\";b:1;s:13:\"classCollapse\";b:0;s:10:\"classFloat\";s:0:\"\";s:14:\"classTextAlign\";s:0:\"\";s:21:\"classRadiusAndRounded\";s:0:\"\";s:21:\"classShowByScreenSize\";s:0:\"\";s:21:\"classHideByScreenSize\";s:0:\"\";s:25:\"classOrientationDetection\";s:0:\"\";s:19:\"classTouchDetection\";s:0:\"\";s:12:\"customHtmlId\";s:0:\"\";s:13:\"customCssCode\";s:0:\"\";s:20:\"customUserAttributes\";s:0:\"\";s:5:\"title\";s:14:\"Grid: about us\";}','M12.Foundation:GridRow1Col',0,0,NULL,NULL,0,'a:0:{}',3,'/sites/m12/main','364cc581cc11705d017c1e41e5ea841f','d751713988987e9331980363e24189ce','a:0:{}','7a6881d0d33c0b0b623f78c54a78e88c',NULL),('0c3e7b33-8627-2b14-ea78-23835f9c94b7','live',NULL,'/sites/m12/main','8d1ce08a-1b97-1d34-2235-c4ec7d33e8f4',200,'a:0:{}','TYPO3.Neos:ContentCollection',0,0,NULL,NULL,0,'a:0:{}',2,'/sites/m12','7a6881d0d33c0b0b623f78c54a78e88c','d751713988987e9331980363e24189ce','a:0:{}','d563784a30f0e3761c5acfb8d0ac21a1',NULL),('0c485a4e-272d-7960-0146-0f4ac99d7e77','live',NULL,'/sites/m12/blog/typo3-vs-drupal-stats/main/node5389f7c51ab7b','ed32c160-3406-f00d-3e8a-954118fadd8e',1400,'a:5:{s:7:\"caption\";s:25:\"<p>Enter caption here</p>\";s:9:\"classHide\";b:0;s:13:\"classClearfix\";b:0;s:5:\"image\";O:37:\"TYPO3\\Media\\Domain\\Model\\ImageVariant\":3:{s:16:\"\0*\0originalImage\";O:30:\"TYPO3\\Media\\Domain\\Model\\Image\":10:{s:32:\"\0*\0Persistence_Object_Identifier\";s:36:\"b2b54d5b-ae69-3d7a-8d44-d6eabf9dc741\";s:8:\"\0*\0width\";i:800;s:9:\"\0*\0height\";i:527;s:7:\"\0*\0type\";i:3;s:16:\"\0*\0imageVariants\";a:0:{}s:15:\"\0*\0lastModified\";O:8:\"DateTime\":3:{s:4:\"date\";s:26:\"2015-01-06 10:30:46.000000\";s:13:\"timezone_type\";i:3;s:8:\"timezone\";s:3:\"GMT\";}s:8:\"\0*\0title\";s:0:\"\";s:10:\"\0*\0caption\";s:0:\"\";s:32:\"Flow_Persistence_RelatedEntities\";a:1:{s:8:\"resource\";a:3:{s:12:\"propertyName\";s:8:\"resource\";s:10:\"entityType\";s:28:\"TYPO3\\Flow\\Resource\\Resource\";s:10:\"identifier\";s:36:\"59cc8f83-826a-a327-b619-1a487403c784\";}}s:7:\"\0*\0tags\";O:33:\"Doctrine\\ORM\\PersistentCollection\":2:{s:39:\"\0Doctrine\\ORM\\PersistentCollection\0coll\";O:43:\"Doctrine\\Common\\Collections\\ArrayCollection\":1:{s:54:\"\0Doctrine\\Common\\Collections\\ArrayCollection\0_elements\";a:0:{}}s:46:\"\0Doctrine\\ORM\\PersistentCollection\0initialized\";b:1;}}s:25:\"\0*\0processingInstructions\";a:2:{i:0;a:2:{s:7:\"command\";s:4:\"crop\";s:7:\"options\";a:2:{s:5:\"start\";a:2:{s:1:\"x\";i:0;s:1:\"y\";i:0;}s:4:\"size\";a:2:{s:5:\"width\";i:800;s:6:\"height\";i:527;}}}i:1;a:2:{s:7:\"command\";s:6:\"resize\";s:7:\"options\";a:1:{s:4:\"size\";a:2:{s:5:\"width\";i:800;s:6:\"height\";i:526;}}}}s:8:\"\0*\0alias\";N;}s:10:\"hasCaption\";b:0;}','TYPO3.Neos.NodeTypes:Image',0,0,NULL,NULL,0,'a:0:{}',2,'/sites/m12/blog/typo3-vs-drupal-stats/main','2fe4b1ccd090837450cb73833ed4be94','d751713988987e9331980363e24189ce','a:0:{}','af55dff3a021a46d7b34772bf1d97f4f',NULL),('10ba1326-d48c-110b-a8c1-17dd33484115','live',NULL,'/sites/m12/main/node53712f7134e24/col1/column/node53712f478e475/col3/column/node5372893ba9ac6/content/node535e9afe80209','8728f5e5-8fa1-461a-140d-5bd2499fdf9e',400,'a:7:{s:14:\"classTextAlign\";s:9:\"text-left\";s:4:\"text\";s:369:\"<p>Ashnita is full of creative ideas and strategic thinking. Officially she\'s our front-end developer, she also contributes a lot to our product and marketing ideas. She\'s absolutely in love with Sass and AngularJS. Outside of work she likes good cocktails, zumba and outdoors. Currently at <a href=\"http://iguazu.co.uk/\">iguazu</a> as a front-end web developer.</p>\";s:9:\"classHide\";b:0;s:13:\"classClearfix\";b:0;s:6:\"faSpin\";b:0;s:12:\"faFixedWidth\";b:0;s:12:\"faRightAlign\";b:0;}','TYPO3.Neos.NodeTypes:Text',0,0,NULL,NULL,0,'a:0:{}',2,'/sites/m12/main/node53712f7134e24/col1/column/node53712f478e475/col3/column/node5372893ba9ac6/content','419abe5a9c90a07cd8d47b21bd33a5a1','d751713988987e9331980363e24189ce','a:0:{}','bcaaf0c97094eac3d7f0b30914f55a8e',NULL),('120e55a7-31f1-2e81-bcd7-644b2935a7de','live',NULL,'/sites/m12/main/node53712f7134e24/col1/column','6f2fa168-6c3a-e20f-24b8-0d6ea3e97ff3',100,'a:0:{}','TYPO3.Neos:ContentCollection',0,0,NULL,NULL,0,'a:0:{}',2,'/sites/m12/main/node53712f7134e24/col1','02e8ed2f6082db760e23f4f60271c3b2','d751713988987e9331980363e24189ce','a:0:{}','424a1ffac010ff1a59b2d4d9667858e5',NULL),('146b95e4-bf9a-f5f8-80ac-e2fb86f88f86','live',NULL,'/sites/m12/main/node53712f7134e24/col1/column/node53712f478e475/col3/column/node5372893ba9ac6/content','bc403208-1eda-0fc6-9595-33689c9291dc',100,'a:0:{}','TYPO3.Neos:ContentCollection',0,0,NULL,NULL,0,'a:0:{}',2,'/sites/m12/main/node53712f7134e24/col1/column/node53712f478e475/col3/column/node5372893ba9ac6','bcaaf0c97094eac3d7f0b30914f55a8e','d751713988987e9331980363e24189ce','a:0:{}','7f9480f77e5f465f0977ec738883f0ae',NULL),('14a04104-4821-3a27-e363-bcdcc1de0691','live',NULL,'/sites/m12/blog/sidebar/node-543ae396b4f47/content','22a33014-aeb9-5a09-be67-fcc322cef4d3',100,'a:0:{}','TYPO3.Neos:ContentCollection',0,0,NULL,NULL,0,'a:0:{}',2,'/sites/m12/blog/sidebar/node-543ae396b4f47','0322b3729b11d085c39d4093af51b4e2','d751713988987e9331980363e24189ce','a:0:{}','d383c69fd1174a06b1648814b46b0d2c',NULL),('182b8fcb-89b0-3cbd-0868-2ed564e0406b','live',NULL,'/sites/m12/main/node53712f7134e24/col1/column/node53712f478e475/col1/column/node537288efeb1b2/content','89dc76d5-285a-f941-736a-adbede6675e4',100,'a:0:{}','TYPO3.Neos:ContentCollection',0,0,NULL,NULL,0,'a:0:{}',2,'/sites/m12/main/node53712f7134e24/col1/column/node53712f478e475/col1/column/node537288efeb1b2','537b9f1b4a55505a048d7fa92e009899','d751713988987e9331980363e24189ce','a:0:{}','4252f3eecb6c4f64048b10b28638edfd',NULL),('18d71acf-2440-23cc-be70-704fe0dce559','live',NULL,'/sites/m12/blog/compile-neos-css-with-sourcemaps/main/node538b36e7bf382','03528e8c-afd8-2316-4b09-24e7d4007c26',300,'a:5:{s:9:\"showTitle\";b:1;s:5:\"title\";s:14:\"Required gems:\";s:6:\"source\";s:90:\"sass 3.3.0.rc.5 # currently latest --pre\ncompass-sourcemaps 0.12.4 # currently latest -pre\";s:9:\"classHide\";b:0;s:13:\"classClearfix\";b:0;}','M12.Neos.NodeType.CodeSnippet:CodeSnippet',0,0,NULL,NULL,0,'a:0:{}',2,'/sites/m12/blog/compile-neos-css-with-sourcemaps/main','089b9d2674328ffdaba62e75bc4a0a33','d751713988987e9331980363e24189ce','a:0:{}','6945accb9ea6cd7904ef4d235bde3ddd',NULL),('1b901832-46e6-325d-5e07-65c3aa7adb0c','live',NULL,'/sites/m12/blog/sidebar/node-543ae396b4f47/content/node-543ae34b5fa55','60c92bfc-e0f8-6828-d366-d4ed61751bc0',200,'a:19:{s:13:\"customTagName\";s:0:\"\";s:4:\"text\";s:195:\"<p>Online rapid prototyping tool backed by TYPO3 Neos and Zurb Foundation. Build live and truly interactive mock-ups in no time! <a href=\"http://typostrap.io/\" target=\"_blank\">Learn more</a>.</p>\";s:9:\"classHide\";b:0;s:13:\"classClearfix\";b:0;s:10:\"classFloat\";s:0:\"\";s:14:\"classTextAlign\";s:0:\"\";s:21:\"classRadiusAndRounded\";s:0:\"\";s:21:\"classShowByScreenSize\";s:0:\"\";s:21:\"classHideByScreenSize\";s:0:\"\";s:25:\"classOrientationDetection\";s:0:\"\";s:19:\"classTouchDetection\";s:0:\"\";s:14:\"customCssClass\";s:0:\"\";s:12:\"customHtmlId\";s:0:\"\";s:13:\"customCssCode\";s:0:\"\";s:20:\"customUserAttributes\";s:0:\"\";s:10:\"customLook\";s:0:\"\";s:6:\"faName\";s:0:\"\";s:9:\"faOptions\";a:1:{i:0;s:0:\"\";}s:11:\"faCustomCss\";s:0:\"\";}','TYPO3.Neos.NodeTypes:Text',0,0,NULL,NULL,0,'a:0:{}',4,'/sites/m12/blog/sidebar/node-543ae396b4f47/content','c40d3a2104786098869e0aa45456f3e1','d751713988987e9331980363e24189ce','a:0:{}','0322b3729b11d085c39d4093af51b4e2',NULL),('1bf3ca0c-d757-4648-ed2d-c2a8e4bd28d1','live',NULL,'/sites/m12/blog/typo3-vs-drupal-stats/main/node5389f7686a8d3','2483c351-23e8-83ee-12b5-f3ddaa276d11',1100,'a:4:{s:13:\"customTagName\";s:3:\"div\";s:5:\"title\";s:12:\"<h3>USA</h3>\";s:9:\"classHide\";b:0;s:13:\"classClearfix\";b:0;}','TYPO3.Neos.NodeTypes:Headline',0,0,NULL,NULL,0,'a:0:{}',2,'/sites/m12/blog/typo3-vs-drupal-stats/main','81da04bb2b1e6587ba8eb6aec4681a8d','d751713988987e9331980363e24189ce','a:0:{}','af55dff3a021a46d7b34772bf1d97f4f',NULL),('1d1e1688-e76b-ff8c-d867-c3ebcf0fbd48','live',NULL,'/sites/m12/main/node53712f7134e24/col1/column/node53712f478e475/col1/column/node537288efeb1b2/content/node535e973697138','1f8107f9-2bf2-9a07-14c4-7d4e6c934af3',100,'a:6:{s:7:\"caption\";s:25:\"<p>Enter caption here</p>\";s:9:\"classHide\";b:0;s:13:\"classClearfix\";b:0;s:5:\"image\";O:37:\"TYPO3\\Media\\Domain\\Model\\ImageVariant\":3:{s:16:\"\0*\0originalImage\";O:30:\"TYPO3\\Media\\Domain\\Model\\Image\":10:{s:32:\"\0*\0Persistence_Object_Identifier\";s:36:\"5f43f3fe-584d-6e49-40ee-ef8f45897a7b\";s:8:\"\0*\0width\";i:1280;s:9:\"\0*\0height\";i:960;s:7:\"\0*\0type\";i:2;s:16:\"\0*\0imageVariants\";a:0:{}s:15:\"\0*\0lastModified\";O:8:\"DateTime\":3:{s:4:\"date\";s:26:\"2015-01-06 10:30:41.000000\";s:13:\"timezone_type\";i:3;s:8:\"timezone\";s:3:\"GMT\";}s:8:\"\0*\0title\";s:0:\"\";s:10:\"\0*\0caption\";s:0:\"\";s:32:\"Flow_Persistence_RelatedEntities\";a:1:{s:8:\"resource\";a:3:{s:12:\"propertyName\";s:8:\"resource\";s:10:\"entityType\";s:28:\"TYPO3\\Flow\\Resource\\Resource\";s:10:\"identifier\";s:36:\"f58bbee1-554f-023d-3f5c-371345586397\";}}s:7:\"\0*\0tags\";O:33:\"Doctrine\\ORM\\PersistentCollection\":2:{s:39:\"\0Doctrine\\ORM\\PersistentCollection\0coll\";O:43:\"Doctrine\\Common\\Collections\\ArrayCollection\":1:{s:54:\"\0Doctrine\\Common\\Collections\\ArrayCollection\0_elements\";a:0:{}}s:46:\"\0Doctrine\\ORM\\PersistentCollection\0initialized\";b:1;}}s:25:\"\0*\0processingInstructions\";a:2:{i:0;a:2:{s:7:\"command\";s:4:\"crop\";s:7:\"options\";a:2:{s:5:\"start\";a:2:{s:1:\"x\";d:38.399999999999999;s:1:\"y\";i:0;}s:4:\"size\";a:2:{s:5:\"width\";d:1180.1600000000001;s:6:\"height\";i:960;}}}i:1;a:2:{s:7:\"command\";s:6:\"resize\";s:7:\"options\";a:1:{s:4:\"size\";a:2:{s:5:\"width\";i:450;s:6:\"height\";i:366;}}}}s:8:\"\0*\0alias\";N;}s:15:\"alternativeText\";s:14:\"Marcin Ryzycki\";s:10:\"hasCaption\";b:0;}','TYPO3.Neos.NodeTypes:Image',0,0,NULL,NULL,0,'a:0:{}',2,'/sites/m12/main/node53712f7134e24/col1/column/node53712f478e475/col1/column/node537288efeb1b2/content','4d02b0c015b544b875424b8eaae1ad40','d751713988987e9331980363e24189ce','a:0:{}','537b9f1b4a55505a048d7fa92e009899',NULL),('2494574f-33cf-48b9-390c-5ec92c00d7c4','live',NULL,'/sites/m12/footer/node537137149dd0f/col2','93277b3a-ccbf-d493-6238-9b4512e14a9b',200,'a:23:{s:14:\"classTextAlign\";s:10:\"text-right\";s:13:\"customTagName\";s:0:\"\";s:9:\"classHide\";b:0;s:13:\"classClearfix\";b:0;s:15:\"magellanSupport\";b:0;s:10:\"classFloat\";s:0:\"\";s:21:\"classRadiusAndRounded\";s:0:\"\";s:21:\"classShowByScreenSize\";s:0:\"\";s:21:\"classHideByScreenSize\";s:0:\"\";s:25:\"classOrientationDetection\";s:0:\"\";s:19:\"classTouchDetection\";s:0:\"\";s:14:\"customCssClass\";s:0:\"\";s:12:\"customHtmlId\";s:0:\"\";s:13:\"customCssCode\";s:0:\"\";s:20:\"customUserAttributes\";s:0:\"\";s:10:\"customLook\";s:0:\"\";s:10:\"fragmentId\";s:0:\"\";s:5:\"title\";s:0:\"\";s:13:\"classGridSize\";a:2:{i:0;s:0:\"\";i:1;s:7:\"small-6\";}s:15:\"classGridOffset\";a:1:{i:0;s:0:\"\";}s:17:\"classGridPushPull\";a:1:{i:0;s:0:\"\";}s:14:\"classGridAlign\";a:1:{i:0;s:0:\"\";}s:19:\"classGridResetOrder\";a:1:{i:0;s:0:\"\";}}','M12.Foundation:Column',0,0,NULL,NULL,0,'a:0:{}',4,'/sites/m12/footer/node537137149dd0f','11c804c4f6f98071abb06f974f67e20b','d751713988987e9331980363e24189ce','a:0:{}','986e232e61f7e317c4d400c1156273eb',NULL),('25416193-dfc3-d9d0-d426-f8d85f9e395f','live',NULL,'/sites/m12/blog/typo3-vs-drupal-stats/main','756427f6-cc35-1b5b-dfed-b36bd0b92901',200,'a:0:{}','TYPO3.Neos:ContentCollection',0,0,NULL,NULL,0,'a:0:{}',2,'/sites/m12/blog/typo3-vs-drupal-stats','af55dff3a021a46d7b34772bf1d97f4f','d751713988987e9331980363e24189ce','a:0:{}','53bc66439d76a2069d01719401616738',NULL),('262135ab-1070-9dc5-ac5e-c3d16e199697','live',NULL,'/sites/m12/main/node53712f7134e24/col1/column/node53712f478e475/col3','4163f8df-ec48-aed4-6e32-7596c1a96ecc',300,'a:24:{s:14:\"classTextAlign\";s:11:\"text-center\";s:13:\"customTagName\";s:0:\"\";s:9:\"classHide\";b:0;s:13:\"classClearfix\";b:0;s:20:\"customUserAttributes\";s:20:\"data-equalizer-watch\";s:15:\"magellanSupport\";b:0;s:14:\"classEndColumn\";b:0;s:10:\"classFloat\";s:0:\"\";s:21:\"classRadiusAndRounded\";s:0:\"\";s:21:\"classShowByScreenSize\";s:0:\"\";s:21:\"classHideByScreenSize\";s:0:\"\";s:25:\"classOrientationDetection\";s:0:\"\";s:19:\"classTouchDetection\";s:0:\"\";s:14:\"customCssClass\";s:0:\"\";s:12:\"customHtmlId\";s:0:\"\";s:13:\"customCssCode\";s:0:\"\";s:10:\"customLook\";s:0:\"\";s:10:\"fragmentId\";s:0:\"\";s:5:\"title\";s:16:\"Grid: people: AB\";s:13:\"classGridSize\";a:4:{i:0;s:0:\"\";i:1;s:8:\"small-12\";i:2;s:8:\"medium-6\";i:3;s:7:\"large-3\";}s:15:\"classGridOffset\";a:1:{i:0;s:0:\"\";}s:17:\"classGridPushPull\";a:1:{i:0;s:0:\"\";}s:14:\"classGridAlign\";a:1:{i:0;s:0:\"\";}s:19:\"classGridResetOrder\";a:1:{i:0;s:0:\"\";}}','M12.Foundation:ColumnEnd',0,0,NULL,NULL,0,'a:0:{}',3,'/sites/m12/main/node53712f7134e24/col1/column/node53712f478e475','c1f92e0b695d07b2dbe819cc9d396a0e','d751713988987e9331980363e24189ce','a:0:{}','ad706da2ccd013c460065030c50887d0',NULL),('274df564-5c03-4ceb-3116-d448aed8a723','live',NULL,'/sites/m12/main/node53712f7134e24/col1/column/node53712f478e475/col1/column/node537288efeb1b2/content/node535ebb9fe0ac7','529d5243-6d47-be01-d8f5-0c4cb489084a',300,'a:31:{s:5:\"label\";s:17:\"Server-side Chief\";s:9:\"classHide\";b:0;s:13:\"classClearfix\";b:0;s:15:\"magellanSupport\";b:0;s:12:\"renderAnchor\";b:0;s:17:\"dropdownHoverable\";b:0;s:10:\"classFloat\";s:0:\"\";s:14:\"classTextAlign\";s:0:\"\";s:21:\"classRadiusAndRounded\";s:0:\"\";s:21:\"classShowByScreenSize\";s:0:\"\";s:21:\"classHideByScreenSize\";s:0:\"\";s:25:\"classOrientationDetection\";s:0:\"\";s:19:\"classTouchDetection\";s:0:\"\";s:14:\"customCssClass\";s:0:\"\";s:12:\"customHtmlId\";s:0:\"\";s:13:\"customCssCode\";s:0:\"\";s:20:\"customUserAttributes\";s:0:\"\";s:10:\"customLook\";s:0:\"\";s:10:\"fragmentId\";s:0:\"\";s:6:\"faName\";s:0:\"\";s:9:\"faOptions\";a:1:{i:0;s:0:\"\";}s:11:\"faCustomCss\";s:0:\"\";s:3:\"url\";s:0:\"\";s:6:\"urlExt\";s:0:\"\";s:15:\"htmlTargetBlank\";s:0:\"\";s:9:\"htmlTitle\";s:0:\"\";s:16:\"htmlDataRevealId\";s:0:\"\";s:18:\"htmlDataDropdownId\";s:0:\"\";s:17:\"dropdownDirection\";s:0:\"\";s:12:\"classOptions\";a:2:{i:0;s:0:\"\";i:1;s:5:\"small\";}s:10:\"buttonType\";s:0:\"\";}','M12.Foundation:Button',0,0,NULL,NULL,0,'a:0:{}',3,'/sites/m12/main/node53712f7134e24/col1/column/node53712f478e475/col1/column/node537288efeb1b2/content','c120bff960e12cf225401860060dcdf1','d751713988987e9331980363e24189ce','a:0:{}','537b9f1b4a55505a048d7fa92e009899',NULL),('284181a1-9348-a807-5332-c80d654911f8','live',NULL,'/sites/m12/blog/compile-neos-css-with-sourcemaps/main/node538b385037832','89c9eb0f-d52c-6bd4-fdfa-960f7788c66f',600,'a:4:{s:13:\"customTagName\";s:3:\"div\";s:4:\"text\";s:30:\"<p>And you\'re ready to go!</p>\";s:9:\"classHide\";b:0;s:13:\"classClearfix\";b:0;}','TYPO3.Neos.NodeTypes:Text',0,0,NULL,NULL,0,'a:0:{}',2,'/sites/m12/blog/compile-neos-css-with-sourcemaps/main','fa68ca0aea836c80cffa993aa76d6580','d751713988987e9331980363e24189ce','a:0:{}','6945accb9ea6cd7904ef4d235bde3ddd',NULL),('29f7ec35-01ad-88c3-e8dc-207d413c44df','live',NULL,'/sites/m12/main/node53712f7134e24/col1/column/node53712f478e475/col3/column/node5372893ba9ac6/content/node-543aaaa36a5dc','4d278183-78a5-e825-dd51-252f05ca9dc0',100,'a:6:{s:7:\"caption\";s:25:\"<p>Enter caption here</p>\";s:9:\"classHide\";b:0;s:13:\"classClearfix\";b:0;s:5:\"image\";O:37:\"TYPO3\\Media\\Domain\\Model\\ImageVariant\":3:{s:16:\"\0*\0originalImage\";O:30:\"TYPO3\\Media\\Domain\\Model\\Image\":10:{s:32:\"\0*\0Persistence_Object_Identifier\";s:36:\"8a19c565-1286-e965-dc63-8f3ca7d330d8\";s:8:\"\0*\0width\";i:640;s:9:\"\0*\0height\";i:426;s:7:\"\0*\0type\";i:2;s:16:\"\0*\0imageVariants\";a:0:{}s:15:\"\0*\0lastModified\";O:8:\"DateTime\":3:{s:4:\"date\";s:26:\"2015-01-06 10:30:43.000000\";s:13:\"timezone_type\";i:3;s:8:\"timezone\";s:3:\"GMT\";}s:8:\"\0*\0title\";s:0:\"\";s:10:\"\0*\0caption\";s:0:\"\";s:32:\"Flow_Persistence_RelatedEntities\";a:1:{s:8:\"resource\";a:3:{s:12:\"propertyName\";s:8:\"resource\";s:10:\"entityType\";s:28:\"TYPO3\\Flow\\Resource\\Resource\";s:10:\"identifier\";s:36:\"48cc6593-fc28-3b82-906a-cb5f473286ed\";}}s:7:\"\0*\0tags\";O:33:\"Doctrine\\ORM\\PersistentCollection\":2:{s:39:\"\0Doctrine\\ORM\\PersistentCollection\0coll\";O:43:\"Doctrine\\Common\\Collections\\ArrayCollection\":1:{s:54:\"\0Doctrine\\Common\\Collections\\ArrayCollection\0_elements\";a:0:{}}s:46:\"\0Doctrine\\ORM\\PersistentCollection\0initialized\";b:1;}}s:25:\"\0*\0processingInstructions\";a:2:{i:0;a:2:{s:7:\"command\";s:4:\"crop\";s:7:\"options\";a:2:{s:5:\"start\";a:2:{s:1:\"x\";d:81.920000000000002;s:1:\"y\";i:0;}s:4:\"size\";a:2:{s:5:\"width\";d:523.51999999999998;s:6:\"height\";i:426;}}}i:1;a:2:{s:7:\"command\";s:6:\"resize\";s:7:\"options\";a:1:{s:4:\"size\";a:2:{s:5:\"width\";i:450;s:6:\"height\";i:366;}}}}s:8:\"\0*\0alias\";N;}s:10:\"hasCaption\";b:0;s:15:\"alternativeText\";s:12:\"Ashnita Bali\";}','TYPO3.Neos.NodeTypes:Image',0,0,NULL,NULL,0,'a:0:{}',2,'/sites/m12/main/node53712f7134e24/col1/column/node53712f478e475/col3/column/node5372893ba9ac6/content','a5778e532df9b6588cf46019d8c0a4f0','d751713988987e9331980363e24189ce','a:0:{}','bcaaf0c97094eac3d7f0b30914f55a8e',NULL),('2b445b12-7456-df52-b1ae-8a9cc738bfb8','live',NULL,'/sites/m12/main/node53712f7134e24/col1/column/node53712f478e475/col2','2366da5b-6031-c170-b51a-d18fb3317a6c',200,'a:24:{s:14:\"classTextAlign\";s:11:\"text-center\";s:13:\"customTagName\";s:0:\"\";s:9:\"classHide\";b:0;s:13:\"classClearfix\";b:0;s:15:\"magellanSupport\";b:0;s:14:\"classEndColumn\";b:0;s:20:\"customUserAttributes\";s:20:\"data-equalizer-watch\";s:10:\"classFloat\";s:0:\"\";s:21:\"classRadiusAndRounded\";s:0:\"\";s:21:\"classShowByScreenSize\";s:0:\"\";s:21:\"classHideByScreenSize\";s:0:\"\";s:25:\"classOrientationDetection\";s:0:\"\";s:19:\"classTouchDetection\";s:0:\"\";s:14:\"customCssClass\";s:0:\"\";s:12:\"customHtmlId\";s:0:\"\";s:13:\"customCssCode\";s:0:\"\";s:10:\"customLook\";s:0:\"\";s:10:\"fragmentId\";s:0:\"\";s:5:\"title\";s:16:\"Grid: people: SR\";s:13:\"classGridSize\";a:4:{i:0;s:0:\"\";i:1;s:8:\"small-12\";i:2;s:8:\"medium-6\";i:3;s:7:\"large-3\";}s:15:\"classGridOffset\";a:1:{i:0;s:0:\"\";}s:17:\"classGridPushPull\";a:1:{i:0;s:0:\"\";}s:14:\"classGridAlign\";a:1:{i:0;s:0:\"\";}s:19:\"classGridResetOrder\";a:1:{i:0;s:0:\"\";}}','M12.Foundation:ColumnEnd',0,0,NULL,NULL,0,'a:0:{}',3,'/sites/m12/main/node53712f7134e24/col1/column/node53712f478e475','567dc7576928f40e3234b176a1b63263','d751713988987e9331980363e24189ce','a:0:{}','ad706da2ccd013c460065030c50887d0',NULL),('2e91ac5b-dc0d-d92c-ef38-f2056ebeca0a','live',NULL,'/sites/m12/what-we-do/main','0e20be6f-298a-5e50-8398-7e267232db8d',100,'a:0:{}','TYPO3.Neos:ContentCollection',0,0,NULL,NULL,0,'a:0:{}',2,'/sites/m12/what-we-do','80543e627f4b0ae55983cfb26a5c65fb','d751713988987e9331980363e24189ce','a:0:{}','ce7f6dc48b862078881120ca619ee08e',NULL),('2f2efc81-4bc1-29a8-bb79-d50ea281cebb','live',NULL,'/sites/m12/main/node53712f7134e24/col1/column/node53712f478e475/col4/column','25d556b0-0a56-9d0b-1dc6-cb40399fbf67',100,'a:0:{}','TYPO3.Neos:ContentCollection',0,0,NULL,NULL,0,'a:0:{}',2,'/sites/m12/main/node53712f7134e24/col1/column/node53712f478e475/col4','ba96618201310a711fb75c2709f518b6','d751713988987e9331980363e24189ce','a:0:{}','83083c643de8edd392f88b3485dd94c1',NULL),('2fa19ea2-e17e-6809-0f08-e8c8d6173516','live',NULL,'/sites/m12/blog/typo3-vs-drupal-stats/main/node5389f80c14bc8','f14f1915-8bec-23dc-f190-78d9eb6c0e3f',1700,'a:7:{s:7:\"caption\";s:25:\"<p>Enter caption here</p>\";s:13:\"customTagName\";s:3:\"div\";s:4:\"text\";s:255:\"<p>This one is quite surprising. When I left Poland ~3y ago (which is also the moment when I switched to Drupal), I was pretty sure that there’s no Drupal presence at all and it felt that the TYPO3 community is quite strong. Now I’m not sure.<br/></p>\";s:9:\"classHide\";b:0;s:13:\"classClearfix\";b:0;s:5:\"image\";O:37:\"TYPO3\\Media\\Domain\\Model\\ImageVariant\":3:{s:16:\"\0*\0originalImage\";O:30:\"TYPO3\\Media\\Domain\\Model\\Image\":10:{s:32:\"\0*\0Persistence_Object_Identifier\";s:36:\"44b2a905-cd24-172b-0c27-a4663fc39b9a\";s:8:\"\0*\0width\";i:801;s:9:\"\0*\0height\";i:526;s:7:\"\0*\0type\";i:3;s:16:\"\0*\0imageVariants\";a:0:{}s:15:\"\0*\0lastModified\";O:8:\"DateTime\":3:{s:4:\"date\";s:26:\"2015-01-06 10:30:47.000000\";s:13:\"timezone_type\";i:3;s:8:\"timezone\";s:3:\"GMT\";}s:8:\"\0*\0title\";s:0:\"\";s:10:\"\0*\0caption\";s:0:\"\";s:32:\"Flow_Persistence_RelatedEntities\";a:1:{s:8:\"resource\";a:3:{s:12:\"propertyName\";s:8:\"resource\";s:10:\"entityType\";s:28:\"TYPO3\\Flow\\Resource\\Resource\";s:10:\"identifier\";s:36:\"2a12ea96-1ee9-79ca-5334-77abac626714\";}}s:7:\"\0*\0tags\";O:33:\"Doctrine\\ORM\\PersistentCollection\":2:{s:39:\"\0Doctrine\\ORM\\PersistentCollection\0coll\";O:43:\"Doctrine\\Common\\Collections\\ArrayCollection\":1:{s:54:\"\0Doctrine\\Common\\Collections\\ArrayCollection\0_elements\";a:0:{}}s:46:\"\0Doctrine\\ORM\\PersistentCollection\0initialized\";b:1;}}s:25:\"\0*\0processingInstructions\";a:2:{i:0;a:2:{s:7:\"command\";s:4:\"crop\";s:7:\"options\";a:2:{s:5:\"start\";a:2:{s:1:\"x\";i:0;s:1:\"y\";i:0;}s:4:\"size\";a:2:{s:5:\"width\";i:801;s:6:\"height\";i:526;}}}i:1;a:2:{s:7:\"command\";s:6:\"resize\";s:7:\"options\";a:1:{s:4:\"size\";a:2:{s:5:\"width\";i:801;s:6:\"height\";i:525;}}}}s:8:\"\0*\0alias\";N;}s:10:\"hasCaption\";b:0;}','TYPO3.Neos.NodeTypes:TextWithImage',0,0,NULL,NULL,0,'a:0:{}',2,'/sites/m12/blog/typo3-vs-drupal-stats/main','b44c05afc1b32be6022b5c56b756a432','d751713988987e9331980363e24189ce','a:0:{}','af55dff3a021a46d7b34772bf1d97f4f',NULL),('302a9641-0cbf-a28d-663e-ddbac8958fba','live',NULL,'/sites/m12/main/node53712f7134e24/col1/column/node53712f478e475/col1/column/node537288efeb1b2','8c21ee32-aaa6-317b-e450-9b37b28ab26e',100,'a:4:{s:13:\"customTagName\";s:3:\"div\";s:9:\"classHide\";b:0;s:13:\"classClearfix\";b:0;s:15:\"magellanSupport\";b:0;}','M12.Foundation:Container',0,0,NULL,NULL,0,'a:0:{}',2,'/sites/m12/main/node53712f7134e24/col1/column/node53712f478e475/col1/column','4252f3eecb6c4f64048b10b28638edfd','d751713988987e9331980363e24189ce','a:0:{}','8034c03254fc9a69228efa28c4e3e824',NULL),('315fdb87-15f9-7ddb-f2e8-4b05089a6044','live',NULL,'/sites/m12/blog/typo3-vs-drupal-stats/main/node5389f7f7b35a4','f5e7728f-9705-8b71-6e4c-9ad6ce3d31cd',1600,'a:4:{s:13:\"customTagName\";s:3:\"div\";s:5:\"title\";s:15:\"<h3>Poland</h3>\";s:9:\"classHide\";b:0;s:13:\"classClearfix\";b:0;}','TYPO3.Neos.NodeTypes:Headline',0,0,NULL,NULL,0,'a:0:{}',2,'/sites/m12/blog/typo3-vs-drupal-stats/main','0d450236a30cca5feade0ee8f7939e83','d751713988987e9331980363e24189ce','a:0:{}','af55dff3a021a46d7b34772bf1d97f4f',NULL),('326bf43d-5120-129b-e270-d8bb17181708','live',NULL,'/sites/m12/main/node53712e98b6197/col1/column/node536133f538acd','067f822d-4fc0-d3c0-2df4-90f440822378',200,'a:19:{s:4:\"text\";s:855:\"<p><b>We are launching <a href=\"http://typostrap.io/\">Typostrap</a></b> - an online tool for prototyping live, highly interactive websites and apps, backed by modern web Content Management System (WCMS). We believe it is absolutely phenomenal to have prototyping tool with the power and flexibility of CMS system.</p><p><b>Typostrap</b> is based on <a href=\"http://foundation.zurb.com/\">Zurb Foundation</a> framework and revolutionary <a href=\"http://neos.typo3.org/\">Neos CMS</a>. With it you can quickly make multi-page site prototype, sketch complex application and - with an ability to add your own domain or custom CSS/JS - actually ship it, without even visiting your development department!</p><p>Visit the <a href=\"http://typostrap.io/\">typostrap.io</a> website to learn more. Don\'t forget to <b>sign up for a private beta invite</b> there!</p>\";s:9:\"classHide\";b:0;s:13:\"classClearfix\";b:0;s:10:\"classFloat\";s:0:\"\";s:14:\"classTextAlign\";s:0:\"\";s:21:\"classRadiusAndRounded\";s:0:\"\";s:21:\"classShowByScreenSize\";s:0:\"\";s:21:\"classHideByScreenSize\";s:0:\"\";s:25:\"classOrientationDetection\";s:0:\"\";s:19:\"classTouchDetection\";s:0:\"\";s:14:\"customCssClass\";s:0:\"\";s:12:\"customHtmlId\";s:0:\"\";s:13:\"customCssCode\";s:0:\"\";s:20:\"customUserAttributes\";s:0:\"\";s:10:\"customLook\";s:0:\"\";s:13:\"customTagName\";s:0:\"\";s:6:\"faName\";s:0:\"\";s:9:\"faOptions\";a:1:{i:0;s:0:\"\";}s:11:\"faCustomCss\";s:0:\"\";}','TYPO3.Neos.NodeTypes:Text',0,0,NULL,NULL,0,'a:0:{}',5,'/sites/m12/main/node53712e98b6197/col1/column','325da522c73fd2e33105a26e0f763284','d751713988987e9331980363e24189ce','a:0:{}','38054c26d66777b305cec0ce36ce37da',NULL),('36e3137e-ec4f-f686-4eed-6213a148624b','live',NULL,'/sites/m12/main/node53712f7134e24/col1/column/node53712f478e475/col3/column/node5372893ba9ac6','59be0cc5-21b3-6051-8c8f-2f2298fbc628',100,'a:4:{s:13:\"customTagName\";s:3:\"div\";s:9:\"classHide\";b:0;s:13:\"classClearfix\";b:0;s:15:\"magellanSupport\";b:0;}','M12.Foundation:Container',0,0,NULL,NULL,0,'a:0:{}',2,'/sites/m12/main/node53712f7134e24/col1/column/node53712f478e475/col3/column','7f9480f77e5f465f0977ec738883f0ae','d751713988987e9331980363e24189ce','a:0:{}','b784a636be7c27ce60a7a30b8a4509e0',NULL),('378c5316-12b5-cc14-a878-855e0d6f068e','live',NULL,'/sites/m12/main/node53712f7134e24/col1/column/node5371303ba46e6','37d09c15-8325-3458-1ccb-4429e6e450b0',100,'a:4:{s:13:\"customTagName\";s:6:\"header\";s:5:\"title\";s:16:\"<h1>Meet us</h1>\";s:9:\"classHide\";b:0;s:13:\"classClearfix\";b:0;}','TYPO3.Neos.NodeTypes:Headline',0,0,NULL,NULL,0,'a:0:{}',2,'/sites/m12/main/node53712f7134e24/col1/column','11e665ab87a0f6cc5caf53c1b573ea5b','d751713988987e9331980363e24189ce','a:0:{}','02e8ed2f6082db760e23f4f60271c3b2',NULL),('3a4843f6-e9e2-b947-88b7-975f842c3827','live',NULL,'/sites/m12/blog/typo3-vs-drupal-stats/main/node5389f7b3b4553','5bc54aea-e3d9-65d7-398a-0f425ff8d098',1300,'a:4:{s:13:\"customTagName\";s:3:\"div\";s:5:\"title\";s:13:\"<h3>Asia</h3>\";s:9:\"classHide\";b:0;s:13:\"classClearfix\";b:0;}','TYPO3.Neos.NodeTypes:Headline',0,0,NULL,NULL,0,'a:0:{}',2,'/sites/m12/blog/typo3-vs-drupal-stats/main','51effa22e6902402883f71c52955a7ca','d751713988987e9331980363e24189ce','a:0:{}','af55dff3a021a46d7b34772bf1d97f4f',NULL),('3a52f656-463e-0813-474a-1abe35be5b11','live',NULL,'/','fecb3f66-39a9-97cc-a202-a941dc799c25',NULL,'a:0:{}','unstructured',0,0,NULL,NULL,0,'a:0:{}',2,'','6666cd76f96956469e7be39d750cc7d9','d751713988987e9331980363e24189ce','a:0:{}','d41d8cd98f00b204e9800998ecf8427e',NULL),('3adae154-3cf4-6c60-05ac-487586f7d75b','live',NULL,'/sites/m12/blog/compile-neos-css-with-sourcemaps/main/node538b380346d42','bf6008c8-4fca-e40d-e82e-08cae253b3db',400,'a:4:{s:13:\"customTagName\";s:3:\"div\";s:4:\"text\";s:46:\"<p>Add following line to <b>config.rb</b>:</p>\";s:9:\"classHide\";b:0;s:13:\"classClearfix\";b:0;}','TYPO3.Neos.NodeTypes:Text',0,0,NULL,NULL,0,'a:0:{}',2,'/sites/m12/blog/compile-neos-css-with-sourcemaps/main','f56e8ca057e1f20cd80e55c9dccd7187','d751713988987e9331980363e24189ce','a:0:{}','6945accb9ea6cd7904ef4d235bde3ddd',NULL),('3b9a6ead-4c42-31b1-da93-db0a87af9a36','live',NULL,'/sites/m12/main/node5371347fd4bc5/col1','d0206393-af58-27de-8bbb-1a595831307c',100,'a:23:{s:13:\"customTagName\";s:0:\"\";s:9:\"classHide\";b:0;s:13:\"classClearfix\";b:0;s:10:\"classFloat\";s:0:\"\";s:14:\"classTextAlign\";s:0:\"\";s:21:\"classRadiusAndRounded\";s:0:\"\";s:21:\"classShowByScreenSize\";s:0:\"\";s:21:\"classHideByScreenSize\";s:0:\"\";s:25:\"classOrientationDetection\";s:0:\"\";s:19:\"classTouchDetection\";s:0:\"\";s:14:\"customCssClass\";s:0:\"\";s:12:\"customHtmlId\";s:0:\"\";s:13:\"customCssCode\";s:0:\"\";s:20:\"customUserAttributes\";s:0:\"\";s:10:\"customLook\";s:0:\"\";s:10:\"fragmentId\";s:0:\"\";s:15:\"magellanSupport\";b:0;s:5:\"title\";s:0:\"\";s:13:\"classGridSize\";a:2:{i:0;s:0:\"\";i:1;s:8:\"small-12\";}s:15:\"classGridOffset\";a:1:{i:0;s:0:\"\";}s:17:\"classGridPushPull\";a:1:{i:0;s:0:\"\";}s:14:\"classGridAlign\";a:1:{i:0;s:0:\"\";}s:19:\"classGridResetOrder\";a:1:{i:0;s:0:\"\";}}','M12.Foundation:Column',0,0,NULL,NULL,0,'a:0:{}',3,'/sites/m12/main/node5371347fd4bc5','6d9d4b9f4d781a0c79d7a591b93b36ab','d751713988987e9331980363e24189ce','a:0:{}','9ed19ddf08e99c7849165b85e19ebcc4',NULL),('44c0b7ba-06ee-95b4-bc79-f58486e982b7','live',NULL,'/sites/m12/main/node53713418b9bee/col1/column','67447059-29f9-b51e-fdf9-04df1f191516',100,'a:0:{}','TYPO3.Neos:ContentCollection',0,0,NULL,NULL,0,'a:0:{}',2,'/sites/m12/main/node53713418b9bee/col1','ef6c30b04efed63592566ba1159a6938','d751713988987e9331980363e24189ce','a:0:{}','54dde76c837ab4ea4b12f08f3e19ed9c',NULL),('48e9293a-b311-ce1e-e4fc-31a66057fe09','live',NULL,'/sites/m12/main/node53a234e740ee0/col1/column/node53a2351673c69','99a5c248-4b0d-2a59-d6e2-7d9376e97642',100,'a:4:{s:13:\"customTagName\";s:6:\"header\";s:5:\"title\";s:22:\"<h1>From our blog</h1>\";s:9:\"classHide\";b:0;s:13:\"classClearfix\";b:0;}','TYPO3.Neos.NodeTypes:Headline',0,0,NULL,NULL,0,'a:0:{}',2,'/sites/m12/main/node53a234e740ee0/col1/column','957f61a146fc6922e45b494d1974da5c','d751713988987e9331980363e24189ce','a:0:{}','550e69995ef649406eed49a7db3459d2',NULL),('497485f3-9049-7f87-3234-614dccd6f451','live',NULL,'/sites/m12/main/node53712f7134e24/col1','4114e4c7-7f63-9768-3c04-8c92c9b7edc2',100,'a:23:{s:13:\"customTagName\";s:0:\"\";s:9:\"classHide\";b:0;s:13:\"classClearfix\";b:0;s:15:\"magellanSupport\";b:0;s:10:\"classFloat\";s:0:\"\";s:14:\"classTextAlign\";s:0:\"\";s:21:\"classRadiusAndRounded\";s:0:\"\";s:21:\"classShowByScreenSize\";s:0:\"\";s:21:\"classHideByScreenSize\";s:0:\"\";s:25:\"classOrientationDetection\";s:0:\"\";s:19:\"classTouchDetection\";s:0:\"\";s:14:\"customCssClass\";s:0:\"\";s:12:\"customHtmlId\";s:0:\"\";s:13:\"customCssCode\";s:0:\"\";s:20:\"customUserAttributes\";s:0:\"\";s:10:\"customLook\";s:0:\"\";s:10:\"fragmentId\";s:0:\"\";s:5:\"title\";s:0:\"\";s:13:\"classGridSize\";a:2:{i:0;s:0:\"\";i:1;s:8:\"small-12\";}s:15:\"classGridOffset\";a:1:{i:0;s:0:\"\";}s:17:\"classGridPushPull\";a:1:{i:0;s:0:\"\";}s:14:\"classGridAlign\";a:1:{i:0;s:0:\"\";}s:19:\"classGridResetOrder\";a:1:{i:0;s:0:\"\";}}','M12.Foundation:Column',0,0,NULL,NULL,0,'a:0:{}',3,'/sites/m12/main/node53712f7134e24','424a1ffac010ff1a59b2d4d9667858e5','d751713988987e9331980363e24189ce','a:0:{}','7cf3d9b71a74b149f164369a45cb4057',NULL),('4a81ebd4-fb78-4b5f-c54d-25dbd00d9de6','live',NULL,'/sites/m12/footer/node537137149dd0f/col1/column','25108815-c18b-d0c3-def9-8a83f0409481',100,'a:0:{}','TYPO3.Neos:ContentCollection',0,0,NULL,NULL,0,'a:0:{}',2,'/sites/m12/footer/node537137149dd0f/col1','cff94b6ccb919f5ce1ad68655f68709b','d751713988987e9331980363e24189ce','a:0:{}','0509ee335369e071f844d745a1a6ce8a',NULL),('4cffe989-965a-fee5-01b8-bcb43aa154f5','live',NULL,'/sites/m12/main/node53712f7134e24/col1/column/node53712f478e475/col3/column/node5372893ba9ac6/content/node535ebc5c7418c','76109936-c108-fdb2-d222-6377249c046e',200,'a:6:{s:5:\"title\";s:26:\"<h3>Ashnita Bali<br/></h3>\";s:9:\"classHide\";b:0;s:13:\"classClearfix\";b:0;s:6:\"faSpin\";b:0;s:12:\"faFixedWidth\";b:0;s:12:\"faRightAlign\";b:0;}','TYPO3.Neos.NodeTypes:Headline',0,0,NULL,NULL,0,'a:0:{}',2,'/sites/m12/main/node53712f7134e24/col1/column/node53712f478e475/col3/column/node5372893ba9ac6/content','19d948e22aed9ec5f4ec77f6117b5401','d751713988987e9331980363e24189ce','a:0:{}','bcaaf0c97094eac3d7f0b30914f55a8e',NULL),('4eaa7e11-a96c-865f-d19a-1eb0b1c24e2b','live',NULL,'/sites/m12/blog/typo3-vs-drupal-stats/main/node5389f5927c902','f0b512ef-e092-b775-960c-247c70feb57c',300,'a:4:{s:13:\"customTagName\";s:3:\"div\";s:5:\"title\";s:29:\"<h2>Interest trends<br/></h2>\";s:9:\"classHide\";b:0;s:13:\"classClearfix\";b:0;}','TYPO3.Neos.NodeTypes:Headline',0,0,NULL,NULL,0,'a:0:{}',2,'/sites/m12/blog/typo3-vs-drupal-stats/main','16663653ef922044e0a85656b6719dd5','d751713988987e9331980363e24189ce','a:0:{}','af55dff3a021a46d7b34772bf1d97f4f',NULL),('4eb74acf-92b9-0d11-84f8-ecaee5292d6d','live',NULL,'/sites/m12/blog/sidebar/node-543ae2b208821','d0bbe6ad-a3ac-8a4c-59e1-9dca98ba71c1',600,'a:21:{s:13:\"customTagName\";s:0:\"\";s:5:\"title\";s:26:\"<h1>Check our product</h1>\";s:9:\"classHide\";b:0;s:13:\"classClearfix\";b:0;s:10:\"classFloat\";s:0:\"\";s:14:\"classTextAlign\";s:0:\"\";s:21:\"classRadiusAndRounded\";s:0:\"\";s:21:\"classShowByScreenSize\";s:0:\"\";s:21:\"classHideByScreenSize\";s:0:\"\";s:25:\"classOrientationDetection\";s:0:\"\";s:19:\"classTouchDetection\";s:0:\"\";s:14:\"customCssClass\";s:0:\"\";s:12:\"customHtmlId\";s:0:\"\";s:13:\"customCssCode\";s:0:\"\";s:20:\"customUserAttributes\";s:0:\"\";s:10:\"customLook\";s:0:\"\";s:10:\"fragmentId\";s:0:\"\";s:15:\"magellanSupport\";b:0;s:6:\"faName\";s:0:\"\";s:9:\"faOptions\";a:1:{i:0;s:0:\"\";}s:11:\"faCustomCss\";s:0:\"\";}','TYPO3.Neos.NodeTypes:Headline',0,0,NULL,NULL,0,'a:0:{}',4,'/sites/m12/blog/sidebar','c46d13efd46a4e434ea232fca574c3f2','d751713988987e9331980363e24189ce','a:0:{}','770257cf45b25229dd765ca8a1bd0779',NULL),('4fefce05-0c86-5ddb-f217-13a0019feece','live',NULL,'/sites/m12/main/node53712f7134e24/col1/column/node53712f478e475/col4/column/node5372893ba9ac6/content','ab681c53-dd98-b5ad-9f6b-421197a5cee4',100,'a:0:{}','TYPO3.Neos:ContentCollection',0,0,NULL,NULL,0,'a:0:{}',2,'/sites/m12/main/node53712f7134e24/col1/column/node53712f478e475/col4/column/node5372893ba9ac6','6d2f47be21cdaadf710652f5219cec46','d751713988987e9331980363e24189ce','a:0:{}','2a1e14a1c1c18677410cd6c82f0c9245',NULL),('50fecbfd-05b5-9472-fefc-bf56a8770163','live',NULL,'/sites/m12/blog/compile-neos-css-with-sourcemaps','81682624-6ee9-491f-cd57-a6285d4c0994',300,'a:5:{s:5:\"title\";s:58:\"TYPO3 Neos: how to re-compile back-end CSS with sourcemaps\";s:6:\"author\";s:14:\"Marcin Ryzycki\";s:13:\"datePublished\";O:8:\"DateTime\":3:{s:4:\"date\";s:26:\"2014-02-27 00:00:00.000000\";s:13:\"timezone_type\";i:1;s:8:\"timezone\";s:6:\"+00:00\";}s:4:\"tags\";s:9:\"neos-tips\";s:14:\"uriPathSegment\";s:32:\"compile-neos-css-with-sourcemaps\";}','M12.Plugin.Blog:Post',0,0,NULL,NULL,1,'a:0:{}',3,'/sites/m12/blog','6a735ebdb6f194fe59353dd21fca8b5d','d751713988987e9331980363e24189ce','a:0:{}','61ac89e104d8c6d5c0c9601c04315320',NULL),('5109c3ff-ebbc-5abf-dc0d-7b552a8438d3','live',NULL,'/sites/m12/main/node5371347fd4bc5','2a21bc04-d7cf-efde-5af9-1138b4cbdfbc',600,'a:20:{s:14:\"customCssClass\";s:10:\"section-os\";s:10:\"customLook\";s:7:\"bg-dark\";s:13:\"customTagName\";s:7:\"section\";s:9:\"classHide\";b:0;s:13:\"classClearfix\";b:0;s:15:\"magellanSupport\";b:0;s:16:\"gridExtraWrapper\";b:1;s:13:\"classCollapse\";b:0;s:10:\"classFloat\";s:0:\"\";s:14:\"classTextAlign\";s:0:\"\";s:21:\"classRadiusAndRounded\";s:0:\"\";s:21:\"classShowByScreenSize\";s:0:\"\";s:21:\"classHideByScreenSize\";s:0:\"\";s:25:\"classOrientationDetection\";s:0:\"\";s:19:\"classTouchDetection\";s:0:\"\";s:12:\"customHtmlId\";s:0:\"\";s:13:\"customCssCode\";s:0:\"\";s:20:\"customUserAttributes\";s:0:\"\";s:10:\"fragmentId\";s:0:\"\";s:5:\"title\";s:21:\"Grid row: open-source\";}','M12.Foundation:GridRow1Col',0,0,NULL,NULL,0,'a:0:{}',3,'/sites/m12/main','9ed19ddf08e99c7849165b85e19ebcc4','d751713988987e9331980363e24189ce','a:0:{}','7a6881d0d33c0b0b623f78c54a78e88c',NULL),('54ed1c6b-1b3e-417a-dfb1-af95c2815fdd','live',NULL,'/sites/m12/main/node53712f7134e24/col1/column/node53712f478e475/col2/column/node5372893ba9ac6/content/node535e9afe80209','620b822a-285a-8069-3cd7-08c8bcc3b244',400,'a:7:{s:14:\"classTextAlign\";s:9:\"text-left\";s:4:\"text\";s:363:\"<p>Samuel is absolutely excited about modern web technologies and he is craving to explore and play with them. Passionate about automation, well structured, performant code, ideally written in AngularJS. He likes adrenaline and never refuses to go for a drinks on Friday night. Currently at <a href=\"http://www.tomandco.co.uk/\">Tom &amp; Co Ltd.</a> <br/></p>\";s:9:\"classHide\";b:0;s:13:\"classClearfix\";b:0;s:6:\"faSpin\";b:0;s:12:\"faFixedWidth\";b:0;s:12:\"faRightAlign\";b:0;}','TYPO3.Neos.NodeTypes:Text',0,0,NULL,NULL,0,'a:0:{}',2,'/sites/m12/main/node53712f7134e24/col1/column/node53712f478e475/col2/column/node5372893ba9ac6/content','a40922c311e3cc8cffa289a8ec73357e','d751713988987e9331980363e24189ce','a:0:{}','0434f8889295a19b6ecb3dbecea208f7',NULL),('56774d43-22bf-22c1-d34a-9a4fda76687e','live',NULL,'/sites/m12/blog/main/node539f6680c93be','6950ae60-936c-e212-b54d-d9cafcf32b3d',200,'a:5:{s:4:\"mode\";s:5:\"index\";s:5:\"limit\";s:1:\"5\";s:9:\"classHide\";b:0;s:13:\"classClearfix\";b:0;s:15:\"postsSourceNode\";N;}','M12.Plugin.Blog:PostPlugin',0,0,NULL,NULL,0,'a:0:{}',2,'/sites/m12/blog/main','3f2476330a270584886c2e2fd3e0a3ff','d751713988987e9331980363e24189ce','a:0:{}','456c5a2f6ec22d2febd4a872f8916138',NULL),('5789d2ef-d18a-6393-d0e9-f8c1dc8b2809','live',NULL,'/sites/m12/blog/typo3-vs-drupal-stats/main/node5389f6ba97277','aebb362f-5838-6b14-da86-a66c4b45ae4b',800,'a:7:{s:7:\"caption\";s:25:\"<p>Enter caption here</p>\";s:13:\"customTagName\";s:3:\"div\";s:4:\"text\";s:197:\"<p>Germany is a country-mother for TYPO3, where TYPO3 has the biggest presence. While it makes me happy, I’m also a bit unsettled when I see that the gap between them is getting smaller.<br/></p>\";s:9:\"classHide\";b:0;s:13:\"classClearfix\";b:0;s:5:\"image\";O:37:\"TYPO3\\Media\\Domain\\Model\\ImageVariant\":3:{s:16:\"\0*\0originalImage\";O:30:\"TYPO3\\Media\\Domain\\Model\\Image\":10:{s:32:\"\0*\0Persistence_Object_Identifier\";s:36:\"688e5562-91e7-c260-150c-743a6982200c\";s:8:\"\0*\0width\";i:803;s:9:\"\0*\0height\";i:459;s:7:\"\0*\0type\";i:3;s:16:\"\0*\0imageVariants\";a:0:{}s:15:\"\0*\0lastModified\";O:8:\"DateTime\":3:{s:4:\"date\";s:26:\"2015-01-06 10:30:46.000000\";s:13:\"timezone_type\";i:3;s:8:\"timezone\";s:3:\"GMT\";}s:8:\"\0*\0title\";s:0:\"\";s:10:\"\0*\0caption\";s:0:\"\";s:32:\"Flow_Persistence_RelatedEntities\";a:1:{s:8:\"resource\";a:3:{s:12:\"propertyName\";s:8:\"resource\";s:10:\"entityType\";s:28:\"TYPO3\\Flow\\Resource\\Resource\";s:10:\"identifier\";s:36:\"776c7a43-1ad5-1dce-7ebb-496893039928\";}}s:7:\"\0*\0tags\";O:33:\"Doctrine\\ORM\\PersistentCollection\":2:{s:39:\"\0Doctrine\\ORM\\PersistentCollection\0coll\";O:43:\"Doctrine\\Common\\Collections\\ArrayCollection\":1:{s:54:\"\0Doctrine\\Common\\Collections\\ArrayCollection\0_elements\";a:0:{}}s:46:\"\0Doctrine\\ORM\\PersistentCollection\0initialized\";b:1;}}s:25:\"\0*\0processingInstructions\";a:2:{i:0;a:2:{s:7:\"command\";s:4:\"crop\";s:7:\"options\";a:2:{s:5:\"start\";a:2:{s:1:\"x\";i:0;s:1:\"y\";i:0;}s:4:\"size\";a:2:{s:5:\"width\";i:803;s:6:\"height\";i:459;}}}i:1;a:2:{s:7:\"command\";s:6:\"resize\";s:7:\"options\";a:1:{s:4:\"size\";a:2:{s:5:\"width\";i:803;s:6:\"height\";i:459;}}}}s:8:\"\0*\0alias\";N;}s:10:\"hasCaption\";b:0;}','TYPO3.Neos.NodeTypes:TextWithImage',0,0,NULL,NULL,0,'a:0:{}',2,'/sites/m12/blog/typo3-vs-drupal-stats/main','615b833cd0d0d74a7ad51b883995c470','d751713988987e9331980363e24189ce','a:0:{}','af55dff3a021a46d7b34772bf1d97f4f',NULL),('57eda5f5-aa82-04e2-9057-58c2cc0c405d','live',NULL,'/sites/m12/main/node53712f7134e24/col1/column/node53712f478e475/col4/column/node5372893ba9ac6','2adc13bb-8123-4e17-9609-93f16cb4befd',100,'a:4:{s:13:\"customTagName\";s:3:\"div\";s:9:\"classHide\";b:0;s:13:\"classClearfix\";b:0;s:15:\"magellanSupport\";b:0;}','M12.Foundation:Container',0,0,NULL,NULL,0,'a:0:{}',2,'/sites/m12/main/node53712f7134e24/col1/column/node53712f478e475/col4/column','2a1e14a1c1c18677410cd6c82f0c9245','d751713988987e9331980363e24189ce','a:0:{}','ba96618201310a711fb75c2709f518b6',NULL),('5a57c5ef-d274-4cfa-cdb0-07cd2800a8fb','live',NULL,'/sites/m12/blog/typo3-vs-drupal-stats/main/node5389f79185957','5c36afa2-2dc1-d86d-2f45-1f18261388eb',1200,'a:7:{s:7:\"caption\";s:25:\"<p>Enter caption here</p>\";s:13:\"customTagName\";s:3:\"div\";s:4:\"text\";s:216:\"<p>As you can see, UK and USA are places where TYPO3 doesn’t have much presence - and these are most mature market for it! Although I was pretty sure in US it looks better… but apparently I was mistaken.<br/></p>\";s:9:\"classHide\";b:0;s:13:\"classClearfix\";b:0;s:5:\"image\";O:37:\"TYPO3\\Media\\Domain\\Model\\ImageVariant\":3:{s:16:\"\0*\0originalImage\";O:30:\"TYPO3\\Media\\Domain\\Model\\Image\":10:{s:32:\"\0*\0Persistence_Object_Identifier\";s:36:\"a05bab8f-4a2d-555b-cdcd-969057b25604\";s:8:\"\0*\0width\";i:799;s:9:\"\0*\0height\";i:523;s:7:\"\0*\0type\";i:3;s:16:\"\0*\0imageVariants\";a:0:{}s:15:\"\0*\0lastModified\";O:8:\"DateTime\":3:{s:4:\"date\";s:26:\"2015-01-06 10:30:46.000000\";s:13:\"timezone_type\";i:3;s:8:\"timezone\";s:3:\"GMT\";}s:8:\"\0*\0title\";s:0:\"\";s:10:\"\0*\0caption\";s:0:\"\";s:32:\"Flow_Persistence_RelatedEntities\";a:1:{s:8:\"resource\";a:3:{s:12:\"propertyName\";s:8:\"resource\";s:10:\"entityType\";s:28:\"TYPO3\\Flow\\Resource\\Resource\";s:10:\"identifier\";s:36:\"bdb5f225-2d36-fa66-79d5-a22d40a34c47\";}}s:7:\"\0*\0tags\";O:33:\"Doctrine\\ORM\\PersistentCollection\":2:{s:39:\"\0Doctrine\\ORM\\PersistentCollection\0coll\";O:43:\"Doctrine\\Common\\Collections\\ArrayCollection\":1:{s:54:\"\0Doctrine\\Common\\Collections\\ArrayCollection\0_elements\";a:0:{}}s:46:\"\0Doctrine\\ORM\\PersistentCollection\0initialized\";b:1;}}s:25:\"\0*\0processingInstructions\";a:2:{i:0;a:2:{s:7:\"command\";s:4:\"crop\";s:7:\"options\";a:2:{s:5:\"start\";a:2:{s:1:\"x\";i:0;s:1:\"y\";i:0;}s:4:\"size\";a:2:{s:5:\"width\";i:799;s:6:\"height\";i:523;}}}i:1;a:2:{s:7:\"command\";s:6:\"resize\";s:7:\"options\";a:1:{s:4:\"size\";a:2:{s:5:\"width\";i:799;s:6:\"height\";i:522;}}}}s:8:\"\0*\0alias\";N;}s:10:\"hasCaption\";b:0;}','TYPO3.Neos.NodeTypes:TextWithImage',0,0,NULL,NULL,0,'a:0:{}',2,'/sites/m12/blog/typo3-vs-drupal-stats/main','b52e46504d600b41585781908decc332','d751713988987e9331980363e24189ce','a:0:{}','af55dff3a021a46d7b34772bf1d97f4f',NULL),('5b19f2ac-f7ac-8464-3ca5-785c4e6a68aa','live',NULL,'/sites/m12/main/node53712f7134e24/col1/column/node53712f478e475/col2/column','b3dff7bf-324b-fe62-98ab-58449488b310',100,'a:0:{}','TYPO3.Neos:ContentCollection',0,0,NULL,NULL,0,'a:0:{}',2,'/sites/m12/main/node53712f7134e24/col1/column/node53712f478e475/col2','aa8b5d79bade68ad330f630abb3a2eba','d751713988987e9331980363e24189ce','a:0:{}','567dc7576928f40e3234b176a1b63263',NULL),('5b8feaa4-ba36-1604-29cb-180bdc62308f','live',NULL,'/sites/m12/blog/vagrant-with-typo3-flow-neos/synopsis','3b3ac850-6d50-b4bc-a5c9-715ebfe0e64b',100,'a:0:{}','TYPO3.Neos:ContentCollection',0,0,NULL,NULL,0,'a:0:{}',2,'/sites/m12/blog/vagrant-with-typo3-flow-neos','82fff6d7fcb7482ff6acf0c9631d8c55','d751713988987e9331980363e24189ce','a:0:{}','b2baa4e37319618365cbe98b84c14247',NULL),('5d2f3279-5372-1c65-41d2-3329608f7a39','live',NULL,'/sites/m12/main/node53712f7134e24/col1/column/node53712f478e475/col1','b81e7ffa-020c-589b-0e51-b6bbdd203784',100,'a:23:{s:14:\"classTextAlign\";s:11:\"text-center\";s:13:\"customTagName\";s:0:\"\";s:9:\"classHide\";b:0;s:13:\"classClearfix\";b:0;s:15:\"magellanSupport\";b:0;s:20:\"customUserAttributes\";s:20:\"data-equalizer-watch\";s:10:\"classFloat\";s:0:\"\";s:21:\"classRadiusAndRounded\";s:0:\"\";s:21:\"classShowByScreenSize\";s:0:\"\";s:21:\"classHideByScreenSize\";s:0:\"\";s:25:\"classOrientationDetection\";s:0:\"\";s:19:\"classTouchDetection\";s:0:\"\";s:14:\"customCssClass\";s:0:\"\";s:12:\"customHtmlId\";s:0:\"\";s:13:\"customCssCode\";s:0:\"\";s:10:\"customLook\";s:0:\"\";s:10:\"fragmentId\";s:0:\"\";s:5:\"title\";s:16:\"Grid: people: MR\";s:13:\"classGridSize\";a:4:{i:0;s:0:\"\";i:1;s:8:\"small-12\";i:2;s:8:\"medium-6\";i:3;s:7:\"large-3\";}s:15:\"classGridOffset\";a:1:{i:0;s:0:\"\";}s:17:\"classGridPushPull\";a:1:{i:0;s:0:\"\";}s:14:\"classGridAlign\";a:1:{i:0;s:0:\"\";}s:19:\"classGridResetOrder\";a:1:{i:0;s:0:\"\";}}','M12.Foundation:Column',0,0,NULL,NULL,0,'a:0:{}',3,'/sites/m12/main/node53712f7134e24/col1/column/node53712f478e475','4dfcbbabeae8e8bd075796936d19688e','d751713988987e9331980363e24189ce','a:0:{}','ad706da2ccd013c460065030c50887d0',NULL),('5d8a27ac-e8e9-885f-5f67-b4f42c0e5199','live',NULL,'/sites/m12/about','7af10f94-e7bd-795d-6a06-02d9b90ccd4e',500,'a:5:{s:5:\"title\";s:5:\"About\";s:10:\"targetMode\";s:10:\"parentNode\";s:10:\"targetNode\";N;s:10:\"fragmentId\";s:5:\"about\";s:14:\"uriPathSegment\";s:5:\"about\";}','TYPO3.Neos:Shortcut',0,0,NULL,NULL,0,'a:0:{}',3,'/sites/m12','70ad531fe8a9252b3f8c4cdb09dcd8c1','d751713988987e9331980363e24189ce','a:0:{}','d563784a30f0e3761c5acfb8d0ac21a1',NULL),('602ac459-8046-aade-517d-931587c3f3ff','live',NULL,'/sites/m12/home','b19c64dc-a66f-6708-1ac8-ccc5a0db12d1',400,'a:5:{s:10:\"targetMode\";s:10:\"parentNode\";s:5:\"title\";s:4:\"Home\";s:10:\"targetNode\";N;s:10:\"fragmentId\";s:3:\"top\";s:14:\"uriPathSegment\";s:4:\"home\";}','TYPO3.Neos:Shortcut',0,0,NULL,NULL,0,'a:0:{}',3,'/sites/m12','16310ebb2a92856a8b06c9a37deccee0','d751713988987e9331980363e24189ce','a:0:{}','d563784a30f0e3761c5acfb8d0ac21a1',NULL),('655327b7-ba82-90f5-e2e5-d048d830465b','live',NULL,'/sites/m12/blog/compile-neos-css-with-sourcemaps/main/node538a0b61a9e66','783599c5-ceed-e112-b38e-b975ca452f78',100,'a:19:{s:13:\"customTagName\";s:0:\"\";s:4:\"text\";s:160:\"<p>Neos back-end styles are located at <b>Packages/Application/TYPO3.Neos/Resources/Private/Styles</b> - and from there you call <b>compas compile</b>.<br/></p>\";s:9:\"classHide\";b:0;s:13:\"classClearfix\";b:0;s:10:\"classFloat\";s:0:\"\";s:14:\"classTextAlign\";s:0:\"\";s:21:\"classRadiusAndRounded\";s:0:\"\";s:21:\"classShowByScreenSize\";s:0:\"\";s:21:\"classHideByScreenSize\";s:0:\"\";s:25:\"classOrientationDetection\";s:0:\"\";s:19:\"classTouchDetection\";s:0:\"\";s:14:\"customCssClass\";s:0:\"\";s:12:\"customHtmlId\";s:0:\"\";s:13:\"customCssCode\";s:0:\"\";s:20:\"customUserAttributes\";s:0:\"\";s:10:\"customLook\";s:0:\"\";s:6:\"faName\";s:0:\"\";s:9:\"faOptions\";a:1:{i:0;s:0:\"\";}s:11:\"faCustomCss\";s:0:\"\";}','TYPO3.Neos.NodeTypes:Text',0,0,NULL,NULL,0,'a:0:{}',3,'/sites/m12/blog/compile-neos-css-with-sourcemaps/main','b82edb49d043c2b7a44025f199078403','d751713988987e9331980363e24189ce','a:0:{}','6945accb9ea6cd7904ef4d235bde3ddd',NULL),('666c1d73-a3df-1b51-2a76-29f40679259d','live',NULL,'/sites/m12/blog/sidebar/node53a59bde2d958','7788aef0-489a-396d-8f3b-e9e675f10c34',500,'a:19:{s:13:\"customTagName\";s:0:\"\";s:4:\"text\";s:372:\"<p>We are absolutely thrilled about what\'s happening in the CMS world, especially in TYPO3 Neos world and we\'ll be writing mostly about these things, including DevOps things related to it.</p><p>And since some of us are heavily involved in Drupal-based projects, we sometimes will write about it too, compare them, find out where one can fit better then the other etc.</p>\";s:9:\"classHide\";b:0;s:13:\"classClearfix\";b:0;s:10:\"classFloat\";s:0:\"\";s:14:\"classTextAlign\";s:0:\"\";s:21:\"classRadiusAndRounded\";s:0:\"\";s:21:\"classShowByScreenSize\";s:0:\"\";s:21:\"classHideByScreenSize\";s:0:\"\";s:25:\"classOrientationDetection\";s:0:\"\";s:19:\"classTouchDetection\";s:0:\"\";s:14:\"customCssClass\";s:0:\"\";s:12:\"customHtmlId\";s:0:\"\";s:13:\"customCssCode\";s:0:\"\";s:20:\"customUserAttributes\";s:0:\"\";s:10:\"customLook\";s:0:\"\";s:6:\"faName\";s:0:\"\";s:9:\"faOptions\";a:1:{i:0;s:0:\"\";}s:11:\"faCustomCss\";s:0:\"\";}','TYPO3.Neos.NodeTypes:Text',0,0,NULL,NULL,0,'a:0:{}',3,'/sites/m12/blog/sidebar','fb4964c9910f558ef90ffc4ed9d4d036','d751713988987e9331980363e24189ce','a:0:{}','770257cf45b25229dd765ca8a1bd0779',NULL),('66d4c8f4-dcf5-51b8-5f5d-d5ea95ccc9fe','live',NULL,'/sites/m12/blog/vagrant-with-typo3-flow-neos/synopsis/node5389eecb3a2e2','0ffa69b4-d48b-39b8-d44b-99b53f67dffc',100,'a:7:{s:13:\"customTagName\";s:3:\"div\";s:4:\"text\";s:119:\"<p>I have perpetrated TYPO3 Neos and/or TYPO3 Flow virtual machine setup based on Vagrant and Chef automation.<br/></p>\";s:9:\"classHide\";b:0;s:13:\"classClearfix\";b:0;s:6:\"faSpin\";b:0;s:12:\"faFixedWidth\";b:0;s:12:\"faRightAlign\";b:0;}','TYPO3.Neos.NodeTypes:Text',0,0,NULL,NULL,0,'a:0:{}',2,'/sites/m12/blog/vagrant-with-typo3-flow-neos/synopsis','9ebe6f2f75d32e11da11530ae792c762','d751713988987e9331980363e24189ce','a:0:{}','82fff6d7fcb7482ff6acf0c9631d8c55',NULL),('67bfac99-2575-87ad-e13f-6b0f35c6dde5','live',NULL,'/sites/m12/blog/typo3-vs-drupal-stats/main/node5389f7cbcc929','e2e4fe87-7710-1c59-f598-9b53ae0c5d13',1500,'a:7:{s:7:\"caption\";s:25:\"<p>Enter caption here</p>\";s:13:\"customTagName\";s:3:\"div\";s:4:\"text\";s:72:\"<p>Very interesting spike in China and opposite trend in India.<br/></p>\";s:9:\"classHide\";b:0;s:13:\"classClearfix\";b:0;s:5:\"image\";O:37:\"TYPO3\\Media\\Domain\\Model\\ImageVariant\":3:{s:16:\"\0*\0originalImage\";O:30:\"TYPO3\\Media\\Domain\\Model\\Image\":10:{s:32:\"\0*\0Persistence_Object_Identifier\";s:36:\"68e90437-9c5c-6efe-113c-88cee17327c5\";s:8:\"\0*\0width\";i:798;s:9:\"\0*\0height\";i:525;s:7:\"\0*\0type\";i:3;s:16:\"\0*\0imageVariants\";a:0:{}s:15:\"\0*\0lastModified\";O:8:\"DateTime\":3:{s:4:\"date\";s:26:\"2015-01-06 10:30:46.000000\";s:13:\"timezone_type\";i:3;s:8:\"timezone\";s:3:\"GMT\";}s:8:\"\0*\0title\";s:0:\"\";s:10:\"\0*\0caption\";s:0:\"\";s:32:\"Flow_Persistence_RelatedEntities\";a:1:{s:8:\"resource\";a:3:{s:12:\"propertyName\";s:8:\"resource\";s:10:\"entityType\";s:28:\"TYPO3\\Flow\\Resource\\Resource\";s:10:\"identifier\";s:36:\"6b1bd130-4266-1913-5aac-469af83aad9b\";}}s:7:\"\0*\0tags\";O:33:\"Doctrine\\ORM\\PersistentCollection\":2:{s:39:\"\0Doctrine\\ORM\\PersistentCollection\0coll\";O:43:\"Doctrine\\Common\\Collections\\ArrayCollection\":1:{s:54:\"\0Doctrine\\Common\\Collections\\ArrayCollection\0_elements\";a:0:{}}s:46:\"\0Doctrine\\ORM\\PersistentCollection\0initialized\";b:1;}}s:25:\"\0*\0processingInstructions\";a:2:{i:0;a:2:{s:7:\"command\";s:4:\"crop\";s:7:\"options\";a:2:{s:5:\"start\";a:2:{s:1:\"x\";i:0;s:1:\"y\";i:0;}s:4:\"size\";a:2:{s:5:\"width\";i:798;s:6:\"height\";i:525;}}}i:1;a:2:{s:7:\"command\";s:6:\"resize\";s:7:\"options\";a:1:{s:4:\"size\";a:2:{s:5:\"width\";i:798;s:6:\"height\";i:525;}}}}s:8:\"\0*\0alias\";N;}s:10:\"hasCaption\";b:0;}','TYPO3.Neos.NodeTypes:TextWithImage',0,0,NULL,NULL,0,'a:0:{}',2,'/sites/m12/blog/typo3-vs-drupal-stats/main','a45e82847054289a8a9568e5f8fed932','d751713988987e9331980363e24189ce','a:0:{}','af55dff3a021a46d7b34772bf1d97f4f',NULL),('683d2b0c-4e2b-19f4-c5a0-59d52dc4e7e7','live',NULL,'/sites/m12/main/node5371347fd4bc5/col1/column','5f86b39b-f69b-00d3-7846-ae59a6ee6c04',100,'a:0:{}','TYPO3.Neos:ContentCollection',0,0,NULL,NULL,0,'a:0:{}',2,'/sites/m12/main/node5371347fd4bc5/col1','1066468be9f5cae03588430d2898a890','d751713988987e9331980363e24189ce','a:0:{}','6d9d4b9f4d781a0c79d7a591b93b36ab',NULL),('684f4904-f778-c8e8-40f5-550d085dc4fd','live',NULL,'/sites/m12/blog/compile-neos-css-with-sourcemaps/synopsis/node538a0b327ae59','aa31a5a7-36df-9c93-7723-e409da14d63b',100,'a:4:{s:13:\"customTagName\";s:3:\"div\";s:4:\"text\";s:111:\"<p>If you developing things for TYPO3 Neos back-end, it\'s useful to have its CSS with sourcemaps available.</p>\";s:9:\"classHide\";b:0;s:13:\"classClearfix\";b:0;}','TYPO3.Neos.NodeTypes:Text',0,0,NULL,NULL,0,'a:0:{}',2,'/sites/m12/blog/compile-neos-css-with-sourcemaps/synopsis','2188f29fea646b086abfa526a99d373f','d751713988987e9331980363e24189ce','a:0:{}','69107db3d123c8bfe4027523358184d6',NULL),('69265475-8b74-1f5f-3168-8b361fc6979b','live',NULL,'/sites/m12/about/main','45269bc0-495c-619e-3722-64326517cd7e',100,'a:0:{}','TYPO3.Neos:ContentCollection',0,0,NULL,NULL,0,'a:0:{}',2,'/sites/m12/about','999fd77c05b318ba45dd83980ac91705','d751713988987e9331980363e24189ce','a:0:{}','70ad531fe8a9252b3f8c4cdb09dcd8c1',NULL),('6c68595b-91ee-b5d3-ced7-f57d33645c1f','live',NULL,'/sites/m12/main/node53712f7134e24/col1/column/node53712f478e475/col3/column','f47c974f-d417-6468-d8e0-b35b0f8c558c',100,'a:0:{}','TYPO3.Neos:ContentCollection',0,0,NULL,NULL,0,'a:0:{}',2,'/sites/m12/main/node53712f7134e24/col1/column/node53712f478e475/col3','b784a636be7c27ce60a7a30b8a4509e0','d751713988987e9331980363e24189ce','a:0:{}','c1f92e0b695d07b2dbe819cc9d396a0e',NULL),('6d369edc-0aa0-05b4-0f5c-0dff201ac2af','live',NULL,'/sites/m12/main/node53712f7134e24/col1/column/node53712f478e475/col2/column/node5372893ba9ac6/content/node535e97aab7e68','5a79ed64-d769-b692-9a6d-7498185178be',100,'a:6:{s:7:\"caption\";s:25:\"<p>Enter caption here</p>\";s:9:\"classHide\";b:0;s:13:\"classClearfix\";b:0;s:5:\"image\";O:37:\"TYPO3\\Media\\Domain\\Model\\ImageVariant\":3:{s:16:\"\0*\0originalImage\";O:30:\"TYPO3\\Media\\Domain\\Model\\Image\":10:{s:32:\"\0*\0Persistence_Object_Identifier\";s:36:\"f0f06acd-74ca-4b58-80b6-77b076b5fb89\";s:8:\"\0*\0width\";i:720;s:9:\"\0*\0height\";i:960;s:7:\"\0*\0type\";i:2;s:16:\"\0*\0imageVariants\";a:0:{}s:15:\"\0*\0lastModified\";O:8:\"DateTime\":3:{s:4:\"date\";s:26:\"2015-01-06 10:30:42.000000\";s:13:\"timezone_type\";i:3;s:8:\"timezone\";s:3:\"GMT\";}s:8:\"\0*\0title\";s:0:\"\";s:10:\"\0*\0caption\";s:0:\"\";s:32:\"Flow_Persistence_RelatedEntities\";a:1:{s:8:\"resource\";a:3:{s:12:\"propertyName\";s:8:\"resource\";s:10:\"entityType\";s:28:\"TYPO3\\Flow\\Resource\\Resource\";s:10:\"identifier\";s:36:\"13d72606-fc7d-d83f-7c0f-4c901168cdc9\";}}s:7:\"\0*\0tags\";O:33:\"Doctrine\\ORM\\PersistentCollection\":2:{s:39:\"\0Doctrine\\ORM\\PersistentCollection\0coll\";O:43:\"Doctrine\\Common\\Collections\\ArrayCollection\":1:{s:54:\"\0Doctrine\\Common\\Collections\\ArrayCollection\0_elements\";a:0:{}}s:46:\"\0Doctrine\\ORM\\PersistentCollection\0initialized\";b:1;}}s:25:\"\0*\0processingInstructions\";a:2:{i:0;a:2:{s:7:\"command\";s:4:\"crop\";s:7:\"options\";a:2:{s:5:\"start\";a:2:{s:1:\"x\";d:61.439999999999998;s:1:\"y\";i:0;}s:4:\"size\";a:2:{s:5:\"width\";d:618.24000000000001;s:6:\"height\";d:503.03999999999996;}}}i:1;a:2:{s:7:\"command\";s:6:\"resize\";s:7:\"options\";a:1:{s:4:\"size\";a:2:{s:5:\"width\";i:450;s:6:\"height\";i:366;}}}}s:8:\"\0*\0alias\";N;}s:15:\"alternativeText\";s:14:\"Samuel Ryzycki\";s:10:\"hasCaption\";b:0;}','TYPO3.Neos.NodeTypes:Image',0,0,NULL,NULL,0,'a:0:{}',2,'/sites/m12/main/node53712f7134e24/col1/column/node53712f478e475/col2/column/node5372893ba9ac6/content','e2eca17f2ce5a394cc55e2e730d1458c','d751713988987e9331980363e24189ce','a:0:{}','0434f8889295a19b6ecb3dbecea208f7',NULL),('6f6ae6c2-0ffd-b831-79cc-7d40fa663f03','live',NULL,'/sites/m12/main/node5371347fd4bc5/col1/column/node537134c20df72','64e5da1d-a30e-d253-3aaa-2a48b09c71ee',100,'a:21:{s:13:\"customTagName\";s:6:\"header\";s:5:\"title\";s:20:\"<h1>Open Source</h1>\";s:9:\"classHide\";b:0;s:13:\"classClearfix\";b:0;s:10:\"classFloat\";s:0:\"\";s:14:\"classTextAlign\";s:0:\"\";s:21:\"classRadiusAndRounded\";s:0:\"\";s:21:\"classShowByScreenSize\";s:0:\"\";s:21:\"classHideByScreenSize\";s:0:\"\";s:25:\"classOrientationDetection\";s:0:\"\";s:19:\"classTouchDetection\";s:0:\"\";s:14:\"customCssClass\";s:0:\"\";s:12:\"customHtmlId\";s:0:\"\";s:13:\"customCssCode\";s:0:\"\";s:20:\"customUserAttributes\";s:0:\"\";s:10:\"customLook\";s:0:\"\";s:10:\"fragmentId\";s:0:\"\";s:15:\"magellanSupport\";b:0;s:6:\"faName\";s:0:\"\";s:9:\"faOptions\";a:1:{i:0;s:0:\"\";}s:11:\"faCustomCss\";s:0:\"\";}','TYPO3.Neos.NodeTypes:Headline',0,0,NULL,NULL,0,'a:0:{}',3,'/sites/m12/main/node5371347fd4bc5/col1/column','6dafb8be7b1150e1ccb10c87b37920d2','d751713988987e9331980363e24189ce','a:0:{}','1066468be9f5cae03588430d2898a890',NULL),('6f830be0-3fbe-b1ea-5245-5d7661894692','live',NULL,'/sites/m12/blog/typo3-vs-drupal-stats/synopsis','dec1459e-b66a-0fe2-4e5b-be38ff7d6a6f',100,'a:0:{}','TYPO3.Neos:ContentCollection',0,0,NULL,NULL,0,'a:0:{}',2,'/sites/m12/blog/typo3-vs-drupal-stats','f9071da5d4ee94c9556b05ce1edb066d','d751713988987e9331980363e24189ce','a:0:{}','53bc66439d76a2069d01719401616738',NULL),('70e9fbe9-cdb2-2af4-0fcf-affa450c5fae','live',NULL,'/sites/m12/blog/sidebar/node53a59de942f87','b0cae9bd-b030-bcea-9344-1b5e3631bac0',800,'a:21:{s:13:\"customTagName\";s:0:\"\";s:5:\"title\";s:29:\"<h1>TYPO3 Neos resources</h1>\";s:9:\"classHide\";b:0;s:13:\"classClearfix\";b:0;s:10:\"classFloat\";s:0:\"\";s:14:\"classTextAlign\";s:0:\"\";s:21:\"classRadiusAndRounded\";s:0:\"\";s:21:\"classShowByScreenSize\";s:0:\"\";s:21:\"classHideByScreenSize\";s:0:\"\";s:25:\"classOrientationDetection\";s:0:\"\";s:19:\"classTouchDetection\";s:0:\"\";s:14:\"customCssClass\";s:0:\"\";s:12:\"customHtmlId\";s:0:\"\";s:13:\"customCssCode\";s:0:\"\";s:20:\"customUserAttributes\";s:0:\"\";s:10:\"customLook\";s:0:\"\";s:10:\"fragmentId\";s:0:\"\";s:15:\"magellanSupport\";b:0;s:6:\"faName\";s:0:\"\";s:9:\"faOptions\";a:1:{i:0;s:0:\"\";}s:11:\"faCustomCss\";s:0:\"\";}','TYPO3.Neos.NodeTypes:Headline',0,0,NULL,NULL,0,'a:0:{}',3,'/sites/m12/blog/sidebar','cbde679ee42e3ae7ef1d1eace978be29','d751713988987e9331980363e24189ce','a:0:{}','770257cf45b25229dd765ca8a1bd0779',NULL),('715d3302-bf4e-caea-bde7-03085abc0951','live',NULL,'/sites/m12/blog/sidebar','401aae34-8baa-3a66-e77e-8b04cab80ced',200,'a:0:{}','TYPO3.Neos:ContentCollection',0,0,NULL,NULL,0,'a:0:{}',2,'/sites/m12/blog','770257cf45b25229dd765ca8a1bd0779','d751713988987e9331980363e24189ce','a:0:{}','61ac89e104d8c6d5c0c9601c04315320',NULL),('716e8440-8364-547a-a2f3-e1884e40634c','live',NULL,'/sites/m12/blog/typo3-vs-drupal-stats/main/node5389f6b0d0ec5','cf08ade3-353a-75b0-e014-8e01b69e48da',700,'a:4:{s:13:\"customTagName\";s:3:\"div\";s:5:\"title\";s:21:\"<h3>Germany<br/></h3>\";s:9:\"classHide\";b:0;s:13:\"classClearfix\";b:0;}','TYPO3.Neos.NodeTypes:Headline',0,0,NULL,NULL,0,'a:0:{}',2,'/sites/m12/blog/typo3-vs-drupal-stats/main','c23e971a2ff73be23dccf2e3735ed22d','d751713988987e9331980363e24189ce','a:0:{}','af55dff3a021a46d7b34772bf1d97f4f',NULL),('7275c20c-85e0-0dc1-13c9-66d9f4430995','live',NULL,'/sites/m12/main/node53a234e740ee0/col1/column/node53a234f3565a5','3c3e92ab-59eb-3b41-dce5-c2b0ae5dd84c',200,'a:5:{s:4:\"mode\";s:6:\"latest\";s:5:\"limit\";s:1:\"3\";s:9:\"classHide\";b:0;s:13:\"classClearfix\";b:0;s:15:\"postsSourceNode\";s:36:\"b915bfe6-e160-973e-0bca-df0674c2730a\";}','M12.Plugin.Blog:PostPlugin',0,0,NULL,NULL,0,'a:0:{}',2,'/sites/m12/main/node53a234e740ee0/col1/column','6167a9f46578bbd0d7def76d492fbc2a','d751713988987e9331980363e24189ce','a:0:{}','550e69995ef649406eed49a7db3459d2',NULL),('727b3f53-9dae-e7f5-864d-421490e6d149','live',NULL,'/sites/m12/blog/sidebar/node-54b0122a724ec','46db042e-d6e4-e46b-7ebe-6558f73d6acf',150,'a:28:{s:10:\"classFloat\";s:0:\"\";s:14:\"classTextAlign\";s:0:\"\";s:21:\"classRadiusAndRounded\";s:0:\"\";s:21:\"classShowByScreenSize\";s:0:\"\";s:21:\"classHideByScreenSize\";s:0:\"\";s:25:\"classOrientationDetection\";s:0:\"\";s:19:\"classTouchDetection\";s:0:\"\";s:14:\"customCssClass\";s:10:\"rss-button\";s:12:\"customHtmlId\";s:0:\"\";s:13:\"customCssCode\";s:0:\"\";s:10:\"fragmentId\";s:0:\"\";s:9:\"faOptions\";a:1:{i:0;s:0:\"\";}s:5:\"label\";s:0:\"\";s:9:\"htmlTitle\";s:21:\"RSS feed for our blog\";s:16:\"htmlDataRevealId\";s:0:\"\";s:18:\"htmlDataDropdownId\";s:0:\"\";s:9:\"classHide\";b:0;s:13:\"classClearfix\";b:0;s:20:\"customUserAttributes\";s:0:\"\";s:10:\"customLook\";s:0:\"\";s:15:\"magellanSupport\";b:0;s:6:\"faName\";s:10:\"rss-square\";s:11:\"faCustomCss\";s:0:\"\";s:3:\"url\";s:13:\"/blog.rss.xml\";s:6:\"urlExt\";s:13:\"/blog.rss.xml\";s:15:\"htmlTargetBlank\";s:6:\"_blank\";s:17:\"dropdownHoverable\";b:0;s:17:\"dropdownDirection\";s:0:\"\";}','M12.Foundation:Link',0,0,NULL,NULL,0,'a:0:{}',8,'/sites/m12/blog/sidebar','4b432e4a3b8bf5de03e291b21f92c2e0','d751713988987e9331980363e24189ce','a:0:{}','770257cf45b25229dd765ca8a1bd0779',NULL),('74be1810-a6ec-4496-c37d-1af24db7807f','live',NULL,'/sites/m12/blog/sidebar/node53a59f5214819','4f7c807e-7ab2-5a3f-c61a-042c35147686',900,'a:19:{s:13:\"customTagName\";s:0:\"\";s:4:\"text\";s:134:\"<ul><li><a href=\"http://neos.typo3.org/\">neos.typo3.org</a></li><li><a href=\"http://learn-neos.com/\">learn-neos.com</a><br/></li></ul>\";s:9:\"classHide\";b:0;s:13:\"classClearfix\";b:0;s:10:\"classFloat\";s:0:\"\";s:14:\"classTextAlign\";s:0:\"\";s:21:\"classRadiusAndRounded\";s:0:\"\";s:21:\"classShowByScreenSize\";s:0:\"\";s:21:\"classHideByScreenSize\";s:0:\"\";s:25:\"classOrientationDetection\";s:0:\"\";s:19:\"classTouchDetection\";s:0:\"\";s:14:\"customCssClass\";s:0:\"\";s:12:\"customHtmlId\";s:0:\"\";s:13:\"customCssCode\";s:0:\"\";s:20:\"customUserAttributes\";s:0:\"\";s:10:\"customLook\";s:0:\"\";s:6:\"faName\";s:0:\"\";s:9:\"faOptions\";a:1:{i:0;s:0:\"\";}s:11:\"faCustomCss\";s:0:\"\";}','TYPO3.Neos.NodeTypes:Text',0,0,NULL,NULL,0,'a:0:{}',3,'/sites/m12/blog/sidebar','89ad14fc45d2786b2f6478355e86ba4e','d751713988987e9331980363e24189ce','a:0:{}','770257cf45b25229dd765ca8a1bd0779',NULL),('764e5415-3804-4a99-b188-2163e77e69b3','live',NULL,'/sites/m12/blog/typo3-vs-drupal-stats/main/node5389f5a5502d8','7ec73c49-1dc4-3b26-93f1-abcd5f4b3650',400,'a:4:{s:13:\"customTagName\";s:3:\"div\";s:4:\"text\";s:270:\"<p>Next I looked at <a href=\"http://www.google.co.uk/trends/explore#q=drupal%2C%20typo3%2C%20typo3&amp;cmpt=q\">Google Trends</a> to see interest trends around these two. Note: I put TYPO3 twice just to get orange colour for TYPO3 which is its brand colour ;-)<br/></p>\";s:9:\"classHide\";b:0;s:13:\"classClearfix\";b:0;}','TYPO3.Neos.NodeTypes:Text',0,0,NULL,NULL,0,'a:0:{}',2,'/sites/m12/blog/typo3-vs-drupal-stats/main','945f02d8efe5e7773431c5259c21e766','d751713988987e9331980363e24189ce','a:0:{}','af55dff3a021a46d7b34772bf1d97f4f',NULL),('76699164-f707-633f-97e2-b49943bc5d6e','live',NULL,'/sites/m12/main/node53712f7134e24','0147869b-2c1b-ff39-a533-d25d8dd24a79',300,'a:20:{s:14:\"customCssClass\";s:15:\"section-meet-us\";s:10:\"customLook\";s:9:\"bg-darker\";s:13:\"customTagName\";s:7:\"section\";s:10:\"fragmentId\";s:7:\"meet-us\";s:9:\"classHide\";b:0;s:13:\"classClearfix\";b:0;s:15:\"magellanSupport\";b:1;s:16:\"gridExtraWrapper\";b:1;s:13:\"classCollapse\";b:0;s:10:\"classFloat\";s:0:\"\";s:14:\"classTextAlign\";s:0:\"\";s:21:\"classRadiusAndRounded\";s:0:\"\";s:21:\"classShowByScreenSize\";s:0:\"\";s:21:\"classHideByScreenSize\";s:0:\"\";s:25:\"classOrientationDetection\";s:0:\"\";s:19:\"classTouchDetection\";s:0:\"\";s:12:\"customHtmlId\";s:0:\"\";s:13:\"customCssCode\";s:0:\"\";s:20:\"customUserAttributes\";s:0:\"\";s:5:\"title\";s:22:\"Grid: meet us (parent)\";}','M12.Foundation:GridRow1Col',0,0,NULL,NULL,0,'a:0:{}',3,'/sites/m12/main','7cf3d9b71a74b149f164369a45cb4057','d751713988987e9331980363e24189ce','a:0:{}','7a6881d0d33c0b0b623f78c54a78e88c',NULL),('7835d9ed-7dbc-0f67-1080-c0489a241f73','live',NULL,'/sites/m12/main/node53712f7134e24/col1/column/node53712f478e475/col4/column/node5372893ba9ac6/content/node-543aaaa36a5dc','d23db02d-3caa-c7ac-30b0-389a945e1a89',100,'a:6:{s:7:\"caption\";s:25:\"<p>Enter caption here</p>\";s:9:\"classHide\";b:0;s:13:\"classClearfix\";b:0;s:5:\"image\";O:37:\"TYPO3\\Media\\Domain\\Model\\ImageVariant\":3:{s:16:\"\0*\0originalImage\";O:30:\"TYPO3\\Media\\Domain\\Model\\Image\":10:{s:32:\"\0*\0Persistence_Object_Identifier\";s:36:\"699337f9-56ae-f373-9051-a5e3382ecc1e\";s:8:\"\0*\0width\";i:448;s:9:\"\0*\0height\";i:448;s:7:\"\0*\0type\";i:2;s:16:\"\0*\0imageVariants\";a:0:{}s:15:\"\0*\0lastModified\";O:8:\"DateTime\":3:{s:4:\"date\";s:26:\"2015-01-06 10:30:43.000000\";s:13:\"timezone_type\";i:3;s:8:\"timezone\";s:3:\"GMT\";}s:8:\"\0*\0title\";s:0:\"\";s:10:\"\0*\0caption\";s:0:\"\";s:32:\"Flow_Persistence_RelatedEntities\";a:1:{s:8:\"resource\";a:3:{s:12:\"propertyName\";s:8:\"resource\";s:10:\"entityType\";s:28:\"TYPO3\\Flow\\Resource\\Resource\";s:10:\"identifier\";s:36:\"b7a1b803-3561-811e-2cf3-0f525c2473b9\";}}s:7:\"\0*\0tags\";O:33:\"Doctrine\\ORM\\PersistentCollection\":2:{s:39:\"\0Doctrine\\ORM\\PersistentCollection\0coll\";O:43:\"Doctrine\\Common\\Collections\\ArrayCollection\":1:{s:54:\"\0Doctrine\\Common\\Collections\\ArrayCollection\0_elements\";a:0:{}}s:46:\"\0Doctrine\\ORM\\PersistentCollection\0initialized\";b:1;}}s:25:\"\0*\0processingInstructions\";a:2:{i:0;a:2:{s:7:\"command\";s:4:\"crop\";s:7:\"options\";a:2:{s:5:\"start\";a:2:{s:1:\"x\";i:0;s:1:\"y\";i:22;}s:4:\"size\";a:2:{s:5:\"width\";i:448;s:6:\"height\";i:365;}}}i:1;a:2:{s:7:\"command\";s:6:\"resize\";s:7:\"options\";a:1:{s:4:\"size\";a:2:{s:5:\"width\";s:3:\"450\";s:6:\"height\";i:366;}}}}s:8:\"\0*\0alias\";N;}s:10:\"hasCaption\";b:0;s:15:\"alternativeText\";s:15:\"Przemyslaw Ozgo\";}','TYPO3.Neos.NodeTypes:Image',0,0,NULL,NULL,0,'a:0:{}',2,'/sites/m12/main/node53712f7134e24/col1/column/node53712f478e475/col4/column/node5372893ba9ac6/content','43b66ba2b5b18fa42b9e3faddd5b0ba5','d751713988987e9331980363e24189ce','a:0:{}','6d2f47be21cdaadf710652f5219cec46',NULL),('783d3430-a34b-d9f1-fafb-4abf5534929b','live',NULL,'/sites/m12/main/node53a234e740ee0/col1/column','c8c2ced8-cea4-1b00-c16a-3d46cc231b7a',100,'a:0:{}','TYPO3.Neos:ContentCollection',0,0,NULL,NULL,0,'a:0:{}',2,'/sites/m12/main/node53a234e740ee0/col1','550e69995ef649406eed49a7db3459d2','d751713988987e9331980363e24189ce','a:0:{}','b010b8680b33818199e1d647658dbb1d',NULL),('7c41b9af-978d-4113-af20-9c087fb21ab9','live',NULL,'/sites/m12/contact','47e64ec8-338b-5f04-415a-4a4474fbac6e',800,'a:5:{s:10:\"targetMode\";s:10:\"parentNode\";s:5:\"title\";s:7:\"Contact\";s:10:\"targetNode\";N;s:10:\"fragmentId\";s:7:\"contact\";s:14:\"uriPathSegment\";s:7:\"contact\";}','TYPO3.Neos:Shortcut',0,0,NULL,NULL,0,'a:0:{}',3,'/sites/m12','ad618c3e4d733951ff4ab07e45bc2411','d751713988987e9331980363e24189ce','a:0:{}','d563784a30f0e3761c5acfb8d0ac21a1',NULL),('7ee6a54e-3ff2-3d38-1b11-52c3be1ce0d0','live',NULL,'/sites/m12/main/node5371347fd4bc5/col1/column/node537134b040315/col1','5eb19f75-e522-9aca-b26a-78e647c3effd',100,'a:23:{s:13:\"customTagName\";s:0:\"\";s:9:\"classHide\";b:0;s:13:\"classClearfix\";b:0;s:15:\"magellanSupport\";b:0;s:10:\"classFloat\";s:0:\"\";s:14:\"classTextAlign\";s:0:\"\";s:21:\"classRadiusAndRounded\";s:0:\"\";s:21:\"classShowByScreenSize\";s:0:\"\";s:21:\"classHideByScreenSize\";s:0:\"\";s:25:\"classOrientationDetection\";s:0:\"\";s:19:\"classTouchDetection\";s:0:\"\";s:14:\"customCssClass\";s:0:\"\";s:12:\"customHtmlId\";s:0:\"\";s:13:\"customCssCode\";s:0:\"\";s:20:\"customUserAttributes\";s:0:\"\";s:10:\"customLook\";s:0:\"\";s:10:\"fragmentId\";s:0:\"\";s:5:\"title\";s:0:\"\";s:13:\"classGridSize\";a:3:{i:0;s:0:\"\";i:1;s:8:\"small-12\";i:2;s:8:\"medium-6\";}s:15:\"classGridOffset\";a:1:{i:0;s:0:\"\";}s:17:\"classGridPushPull\";a:1:{i:0;s:0:\"\";}s:14:\"classGridAlign\";a:1:{i:0;s:0:\"\";}s:19:\"classGridResetOrder\";a:1:{i:0;s:0:\"\";}}','M12.Foundation:Column',0,0,NULL,NULL,0,'a:0:{}',3,'/sites/m12/main/node5371347fd4bc5/col1/column/node537134b040315','64a4a33a7921240f4d7f32a63908200f','d751713988987e9331980363e24189ce','a:0:{}','f8eadc91f0b6f66331a080248c7c480c',NULL),('7f2df5e8-668d-8083-510a-3ea57f634d3b','live',NULL,'/sites/m12/blog/typo3-vs-drupal-stats/main/node5389f72b52b64','f5f53563-ca95-08fd-eb92-d8f051e97fba',1000,'a:6:{s:7:\"caption\";s:25:\"<p>Enter caption here</p>\";s:13:\"customTagName\";s:3:\"div\";s:9:\"classHide\";b:0;s:13:\"classClearfix\";b:0;s:5:\"image\";O:37:\"TYPO3\\Media\\Domain\\Model\\ImageVariant\":3:{s:16:\"\0*\0originalImage\";O:30:\"TYPO3\\Media\\Domain\\Model\\Image\":10:{s:32:\"\0*\0Persistence_Object_Identifier\";s:36:\"a510390c-d05c-2985-2843-994d2fe18128\";s:8:\"\0*\0width\";i:801;s:9:\"\0*\0height\";i:528;s:7:\"\0*\0type\";i:3;s:16:\"\0*\0imageVariants\";a:0:{}s:15:\"\0*\0lastModified\";O:8:\"DateTime\":3:{s:4:\"date\";s:26:\"2015-01-06 10:30:46.000000\";s:13:\"timezone_type\";i:3;s:8:\"timezone\";s:3:\"GMT\";}s:8:\"\0*\0title\";s:0:\"\";s:10:\"\0*\0caption\";s:0:\"\";s:32:\"Flow_Persistence_RelatedEntities\";a:1:{s:8:\"resource\";a:3:{s:12:\"propertyName\";s:8:\"resource\";s:10:\"entityType\";s:28:\"TYPO3\\Flow\\Resource\\Resource\";s:10:\"identifier\";s:36:\"eadc0825-9b57-b165-b0ce-e811a07ca350\";}}s:7:\"\0*\0tags\";O:33:\"Doctrine\\ORM\\PersistentCollection\":2:{s:39:\"\0Doctrine\\ORM\\PersistentCollection\0coll\";O:43:\"Doctrine\\Common\\Collections\\ArrayCollection\":1:{s:54:\"\0Doctrine\\Common\\Collections\\ArrayCollection\0_elements\";a:0:{}}s:46:\"\0Doctrine\\ORM\\PersistentCollection\0initialized\";b:1;}}s:25:\"\0*\0processingInstructions\";a:2:{i:0;a:2:{s:7:\"command\";s:4:\"crop\";s:7:\"options\";a:2:{s:5:\"start\";a:2:{s:1:\"x\";i:0;s:1:\"y\";i:0;}s:4:\"size\";a:2:{s:5:\"width\";i:801;s:6:\"height\";i:528;}}}i:1;a:2:{s:7:\"command\";s:6:\"resize\";s:7:\"options\";a:1:{s:4:\"size\";a:2:{s:5:\"width\";i:801;s:6:\"height\";i:528;}}}}s:8:\"\0*\0alias\";N;}s:10:\"hasCaption\";b:0;}','TYPO3.Neos.NodeTypes:TextWithImage',0,0,NULL,NULL,0,'a:0:{}',2,'/sites/m12/blog/typo3-vs-drupal-stats/main','3ed74a80cb6d9d2a39a808676371cd52','d751713988987e9331980363e24189ce','a:0:{}','af55dff3a021a46d7b34772bf1d97f4f',NULL),('823bbc8c-8163-295c-6fbd-fe59e5937551','live',NULL,'/sites/m12/main/node53712414795c7/col1/column/node53601f51ba0b6','12bfbdea-b67d-f72d-2629-421feacd0b49',200,'a:19:{s:4:\"text\";s:334:\"<p>MILLION12 was founded in 2014 by two brothers who, after years of working on different challenging web projects, in different locations, decided to join their efforts and skills to do something they always wanted: their own web-based SaaS products. Originally from Poland, currently we are based in Reading and London, UK.<br/></p>\";s:9:\"classHide\";b:0;s:13:\"classClearfix\";b:0;s:10:\"classFloat\";s:0:\"\";s:14:\"classTextAlign\";s:0:\"\";s:21:\"classRadiusAndRounded\";s:0:\"\";s:21:\"classShowByScreenSize\";s:0:\"\";s:21:\"classHideByScreenSize\";s:0:\"\";s:25:\"classOrientationDetection\";s:0:\"\";s:19:\"classTouchDetection\";s:0:\"\";s:14:\"customCssClass\";s:0:\"\";s:12:\"customHtmlId\";s:0:\"\";s:13:\"customCssCode\";s:0:\"\";s:20:\"customUserAttributes\";s:0:\"\";s:10:\"customLook\";s:0:\"\";s:13:\"customTagName\";s:0:\"\";s:6:\"faName\";s:0:\"\";s:9:\"faOptions\";a:1:{i:0;s:0:\"\";}s:11:\"faCustomCss\";s:0:\"\";}','TYPO3.Neos.NodeTypes:Text',0,0,NULL,NULL,0,'a:0:{}',4,'/sites/m12/main/node53712414795c7/col1/column','d892e80008c3fbdf76ef1ecaa830cd1a','d751713988987e9331980363e24189ce','a:0:{}','168ae0eb57cd5d310f17f93d44735ba6',NULL),('83a50c8c-4b2f-889f-bd0e-f3357c451332','live',NULL,'/sites/m12/meet-us','5002589f-854a-dd59-7270-80d4dcf084f9',700,'a:5:{s:5:\"title\";s:7:\"Meet us\";s:10:\"targetMode\";s:10:\"parentNode\";s:10:\"targetNode\";N;s:10:\"fragmentId\";s:7:\"meet-us\";s:14:\"uriPathSegment\";s:7:\"meet-us\";}','TYPO3.Neos:Shortcut',0,0,NULL,NULL,0,'a:0:{}',3,'/sites/m12','8731b6c6c433b44bffee647ce59ccbe9','d751713988987e9331980363e24189ce','a:0:{}','d563784a30f0e3761c5acfb8d0ac21a1',NULL),('855cfb78-fdd1-d339-fec2-b50cef35c9ac','live',NULL,'/sites/m12/main/node53712f7134e24/col1/column/node53712f478e475/col2/column/node5372893ba9ac6','70e52fb3-4d7c-19e2-91fc-66a20519700e',100,'a:4:{s:13:\"customTagName\";s:3:\"div\";s:9:\"classHide\";b:0;s:13:\"classClearfix\";b:0;s:15:\"magellanSupport\";b:0;}','M12.Foundation:Container',0,0,NULL,NULL,0,'a:0:{}',2,'/sites/m12/main/node53712f7134e24/col1/column/node53712f478e475/col2/column','26c4a77cefcdc79dd5310772f562788d','d751713988987e9331980363e24189ce','a:0:{}','aa8b5d79bade68ad330f630abb3a2eba',NULL),('855e10e0-3644-b4c1-3f48-6987f56947e9','live',NULL,'/sites/m12/main/node53712f7134e24/col1/column/node53712f478e475','ad5a615a-6be3-29a2-cae7-aff17c0d99e0',200,'a:20:{s:14:\"customCssClass\";s:24:\"section-meet-us--columns\";s:13:\"customTagName\";s:0:\"\";s:9:\"classHide\";b:0;s:13:\"classClearfix\";b:0;s:15:\"magellanSupport\";b:0;s:16:\"gridExtraWrapper\";b:0;s:13:\"classCollapse\";b:0;s:20:\"customUserAttributes\";s:14:\"data-equalizer\";s:10:\"classFloat\";s:0:\"\";s:14:\"classTextAlign\";s:0:\"\";s:21:\"classRadiusAndRounded\";s:0:\"\";s:21:\"classShowByScreenSize\";s:0:\"\";s:21:\"classHideByScreenSize\";s:0:\"\";s:25:\"classOrientationDetection\";s:0:\"\";s:19:\"classTouchDetection\";s:0:\"\";s:12:\"customHtmlId\";s:0:\"\";s:13:\"customCssCode\";s:0:\"\";s:10:\"customLook\";s:0:\"\";s:10:\"fragmentId\";s:0:\"\";s:5:\"title\";s:17:\"Grid: people list\";}','M12.Foundation:GridRow3Col',0,0,NULL,NULL,0,'a:0:{}',3,'/sites/m12/main/node53712f7134e24/col1/column','ad706da2ccd013c460065030c50887d0','d751713988987e9331980363e24189ce','a:0:{}','02e8ed2f6082db760e23f4f60271c3b2',NULL),('867a7104-254f-08a1-8e46-895da89d12c5','live',NULL,'/sites/m12/footer/node537137149dd0f/col1/column/node535eb64d26169','63ddc05f-fb44-061d-364e-4d00bc7b5994',100,'a:19:{s:4:\"text\";s:49:\"<p>© 2015 by MILLION12. All rights reserved.</p>\";s:9:\"classHide\";b:0;s:13:\"classClearfix\";b:0;s:10:\"classFloat\";s:0:\"\";s:14:\"classTextAlign\";s:0:\"\";s:21:\"classRadiusAndRounded\";s:0:\"\";s:21:\"classShowByScreenSize\";s:0:\"\";s:21:\"classHideByScreenSize\";s:0:\"\";s:25:\"classOrientationDetection\";s:0:\"\";s:19:\"classTouchDetection\";s:0:\"\";s:14:\"customCssClass\";s:0:\"\";s:12:\"customHtmlId\";s:0:\"\";s:13:\"customCssCode\";s:0:\"\";s:20:\"customUserAttributes\";s:0:\"\";s:10:\"customLook\";s:0:\"\";s:13:\"customTagName\";s:0:\"\";s:6:\"faName\";s:0:\"\";s:9:\"faOptions\";a:1:{i:0;s:0:\"\";}s:11:\"faCustomCss\";s:0:\"\";}','TYPO3.Neos.NodeTypes:Text',0,0,NULL,NULL,0,'a:0:{}',3,'/sites/m12/footer/node537137149dd0f/col1/column','e1279d0fa115c01f3d463d851c27d1dd','d751713988987e9331980363e24189ce','a:0:{}','cff94b6ccb919f5ce1ad68655f68709b',NULL),('890997e3-e041-f633-c9e9-fd0d92b33b12','live',NULL,'/sites/m12/main/node53a234e740ee0','ff3a5d5c-7c72-fc11-3e38-d26b83751aca',400,'a:20:{s:10:\"customLook\";s:10:\"bg-lighter\";s:13:\"customTagName\";s:7:\"section\";s:9:\"classHide\";b:0;s:13:\"classClearfix\";b:0;s:15:\"magellanSupport\";b:0;s:16:\"gridExtraWrapper\";b:1;s:13:\"classCollapse\";b:0;s:10:\"classFloat\";s:0:\"\";s:14:\"classTextAlign\";s:0:\"\";s:21:\"classRadiusAndRounded\";s:0:\"\";s:21:\"classShowByScreenSize\";s:0:\"\";s:21:\"classHideByScreenSize\";s:0:\"\";s:25:\"classOrientationDetection\";s:0:\"\";s:19:\"classTouchDetection\";s:0:\"\";s:14:\"customCssClass\";s:0:\"\";s:12:\"customHtmlId\";s:0:\"\";s:13:\"customCssCode\";s:0:\"\";s:20:\"customUserAttributes\";s:0:\"\";s:10:\"fragmentId\";s:0:\"\";s:5:\"title\";s:10:\"Grid: blog\";}','M12.Foundation:GridRow1Col',0,0,NULL,NULL,0,'a:0:{}',3,'/sites/m12/main','3f1a058f16f5061f562146474fc09128','d751713988987e9331980363e24189ce','a:0:{}','7a6881d0d33c0b0b623f78c54a78e88c',NULL),('89d6cbf6-76f2-358e-b11d-b8adbb8e8876','live',NULL,'/sites/m12/main/node53712f7134e24/col1/column/node53712f478e475/col4/column/node5372893ba9ac6/content/node535ebc5c7418c','9fd07f1e-ceb8-1c61-1854-66c4e36d4bf3',200,'a:6:{s:5:\"title\";s:29:\"<h3>Przemyslaw Ozgo<br/></h3>\";s:9:\"classHide\";b:0;s:13:\"classClearfix\";b:0;s:6:\"faSpin\";b:0;s:12:\"faFixedWidth\";b:0;s:12:\"faRightAlign\";b:0;}','TYPO3.Neos.NodeTypes:Headline',0,0,NULL,NULL,0,'a:0:{}',2,'/sites/m12/main/node53712f7134e24/col1/column/node53712f478e475/col4/column/node5372893ba9ac6/content','8ca577e96b818e85cc6347ecc05340c2','d751713988987e9331980363e24189ce','a:0:{}','6d2f47be21cdaadf710652f5219cec46',NULL),('8aea346c-d2dc-ffeb-e656-96d6a0a83ce0','user-admin',NULL,'/','23fe1446-8542-b2f4-7ce1-ab3b058dad79',NULL,'a:0:{}','unstructured',0,0,NULL,NULL,0,'a:0:{}',2,'','6666cd76f96956469e7be39d750cc7d9','d751713988987e9331980363e24189ce','a:0:{}','d41d8cd98f00b204e9800998ecf8427e',NULL),('8dfae594-8fe0-c540-d2af-36d511ba4849','live',NULL,'/sites/m12/main/node53712e98b6197/col1/column/node53712eb831723','d0850667-01b4-bb7c-8104-a27f50957468',100,'a:21:{s:13:\"customTagName\";s:6:\"header\";s:5:\"title\";s:22:\"<h1>What do we do</h1>\";s:9:\"classHide\";b:0;s:13:\"classClearfix\";b:0;s:10:\"classFloat\";s:0:\"\";s:14:\"classTextAlign\";s:0:\"\";s:21:\"classRadiusAndRounded\";s:0:\"\";s:21:\"classShowByScreenSize\";s:0:\"\";s:21:\"classHideByScreenSize\";s:0:\"\";s:25:\"classOrientationDetection\";s:0:\"\";s:19:\"classTouchDetection\";s:0:\"\";s:14:\"customCssClass\";s:0:\"\";s:12:\"customHtmlId\";s:0:\"\";s:13:\"customCssCode\";s:0:\"\";s:20:\"customUserAttributes\";s:0:\"\";s:10:\"customLook\";s:0:\"\";s:10:\"fragmentId\";s:0:\"\";s:15:\"magellanSupport\";b:0;s:6:\"faName\";s:0:\"\";s:9:\"faOptions\";a:1:{i:0;s:0:\"\";}s:11:\"faCustomCss\";s:0:\"\";}','TYPO3.Neos.NodeTypes:Headline',0,0,NULL,NULL,0,'a:0:{}',3,'/sites/m12/main/node53712e98b6197/col1/column','6e4952091c4dedcd22aaaad1838ccb1f','d751713988987e9331980363e24189ce','a:0:{}','38054c26d66777b305cec0ce36ce37da',NULL),('8f327c0a-203f-14db-f3d5-ab496592ec09','live',NULL,'/sites/m12/blog/sidebar/node-543ae396b4f47/content/node-543ae2c873c0f','8db7d723-54bd-8244-0c9c-567385658ed1',100,'a:19:{s:14:\"customCssClass\";s:14:\"logo-typostrap\";s:13:\"customTagName\";s:0:\"\";s:4:\"text\";s:70:\"<h3><a href=\"http://typostrap.io/\"><strong>TYPOSTRAP</strong></a></h3>\";s:9:\"classHide\";b:0;s:13:\"classClearfix\";b:0;s:10:\"classFloat\";s:0:\"\";s:14:\"classTextAlign\";s:0:\"\";s:21:\"classRadiusAndRounded\";s:0:\"\";s:21:\"classShowByScreenSize\";s:0:\"\";s:21:\"classHideByScreenSize\";s:0:\"\";s:25:\"classOrientationDetection\";s:0:\"\";s:19:\"classTouchDetection\";s:0:\"\";s:12:\"customHtmlId\";s:0:\"\";s:13:\"customCssCode\";s:0:\"\";s:20:\"customUserAttributes\";s:0:\"\";s:10:\"customLook\";s:0:\"\";s:6:\"faName\";s:0:\"\";s:9:\"faOptions\";a:1:{i:0;s:0:\"\";}s:11:\"faCustomCss\";s:0:\"\";}','TYPO3.Neos.NodeTypes:Text',0,0,NULL,NULL,0,'a:0:{}',4,'/sites/m12/blog/sidebar/node-543ae396b4f47/content','e9390838e480152633602b78a83bc8dd','d751713988987e9331980363e24189ce','a:0:{}','0322b3729b11d085c39d4093af51b4e2',NULL),('91776557-2c35-b208-aeef-db2865057557','live',NULL,'/sites/m12/footer/node537137149dd0f/col1','28be705e-6879-3495-0023-1e321ac80011',100,'a:23:{s:13:\"customTagName\";s:0:\"\";s:9:\"classHide\";b:0;s:13:\"classClearfix\";b:0;s:15:\"magellanSupport\";b:0;s:10:\"classFloat\";s:0:\"\";s:14:\"classTextAlign\";s:0:\"\";s:21:\"classRadiusAndRounded\";s:0:\"\";s:21:\"classShowByScreenSize\";s:0:\"\";s:21:\"classHideByScreenSize\";s:0:\"\";s:25:\"classOrientationDetection\";s:0:\"\";s:19:\"classTouchDetection\";s:0:\"\";s:14:\"customCssClass\";s:0:\"\";s:12:\"customHtmlId\";s:0:\"\";s:13:\"customCssCode\";s:0:\"\";s:20:\"customUserAttributes\";s:0:\"\";s:10:\"customLook\";s:0:\"\";s:10:\"fragmentId\";s:0:\"\";s:5:\"title\";s:0:\"\";s:13:\"classGridSize\";a:2:{i:0;s:0:\"\";i:1;s:7:\"small-6\";}s:15:\"classGridOffset\";a:1:{i:0;s:0:\"\";}s:17:\"classGridPushPull\";a:1:{i:0;s:0:\"\";}s:14:\"classGridAlign\";a:1:{i:0;s:0:\"\";}s:19:\"classGridResetOrder\";a:1:{i:0;s:0:\"\";}}','M12.Foundation:Column',0,0,NULL,NULL,0,'a:0:{}',4,'/sites/m12/footer/node537137149dd0f','0509ee335369e071f844d745a1a6ce8a','d751713988987e9331980363e24189ce','a:0:{}','986e232e61f7e317c4d400c1156273eb',NULL),('93da6fb2-fc2d-4857-0284-78fe8af74faa','live',NULL,'/sites/m12/blog','b915bfe6-e160-973e-0bca-df0674c2730a',900,'a:3:{s:14:\"customCssClass\";s:15:\"blog-index-page\";s:5:\"title\";s:4:\"Blog\";s:14:\"uriPathSegment\";s:4:\"blog\";}','TYPO3.Neos.NodeTypes:PageSidebar',0,0,NULL,NULL,0,'a:0:{}',3,'/sites/m12','61ac89e104d8c6d5c0c9601c04315320','d751713988987e9331980363e24189ce','a:0:{}','d563784a30f0e3761c5acfb8d0ac21a1',NULL),('9e4f5779-53d0-2ca9-7d75-16060940779a','live',NULL,'/sites/m12/blog/typo3-vs-drupal-stats/main/node5389f82412566','5709f000-ead0-c557-e3f7-64d69421c923',1800,'a:4:{s:13:\"customTagName\";s:3:\"div\";s:5:\"title\";s:16:\"<h2>Summary</h2>\";s:9:\"classHide\";b:0;s:13:\"classClearfix\";b:0;}','TYPO3.Neos.NodeTypes:Headline',0,0,NULL,NULL,0,'a:0:{}',2,'/sites/m12/blog/typo3-vs-drupal-stats/main','be8e3a3b189b018307aecc38a014e1d3','d751713988987e9331980363e24189ce','a:0:{}','af55dff3a021a46d7b34772bf1d97f4f',NULL),('9ebc44f3-1854-ae5c-b0ee-2ee325508f33','live',NULL,'/sites/m12/blog/typo3-vs-drupal-stats/main/node5389f4641324e','7cf01d8c-c881-906d-5595-2d26a83e5989',200,'a:4:{s:13:\"customTagName\";s:3:\"div\";s:4:\"text\";s:1362:\"<table><tbody><tr><td>TYPO3 CMS</td><td>Drupal</td><td>source</td></tr><tr><td>365k / 0.2%</td><td>707k / 0.4%</td><td><a href=\"http://builtwith.com/\">builtWith.com</a> (Total)</td></tr><tr><td>19k / 1%</td><td>46k / 2.4%</td><td><a href=\"http://builtwith.com/\">builtWith.com</a> (Top Sites)</td></tr><tr><td>4 / &lt;0.1%</td><td>387 / 3.9%</td><td>Quantcast Top 10k</td></tr></tbody></table><p> As you can see, TYPO3 has roughly 50% of what Drupal acquired so far, when it comes to totals. And this is fine - we do not compete here with Wordpress (12m 6.3%) or Joomla (2.7m 1.4%). It’s like with Jaguar cars: they are never going to beat Opel/Vauxhall quantitatively because they aim for something different. What worries me is that TYPO3 has such a small presence in top 10k websites - which in bystander\'s mind might rise a question ‘Is TYPO3 really that Jaguar’? I believe the one to blame for that achievement is <a href=\"http://www.acquia.com/\">Acquia</a> - Private Equity backed (<a href=\"http://www.crunchbase.com/company/acquia\">M</a>) company behind Drupal, co-founded by its creator, which does great marketing for it, supports enterprise clients who use Drupal, offers dedicated hosting, consultation, software, processes and so on. I was using some of these products and they’re truly impressive. TYPO3 doesn’t have such a back up.</p>\";s:9:\"classHide\";b:0;s:13:\"classClearfix\";b:0;}','TYPO3.Neos.NodeTypes:Text',0,0,NULL,NULL,0,'a:0:{}',2,'/sites/m12/blog/typo3-vs-drupal-stats/main','ac0704381df1d3fb62cef840a7937c9f','d751713988987e9331980363e24189ce','a:0:{}','af55dff3a021a46d7b34772bf1d97f4f',NULL),('a1cb52c9-ff9f-e371-767c-70beaf0a1d4b','live',NULL,'/sites/m12/main/node53712f7134e24/col1/column/node53712f478e475/col4/column/node5372893ba9ac6/content/node535ebc731aced','a6da7a54-6c13-f83c-f2fa-735bc489af31',300,'a:31:{s:5:\"label\";s:13:\"Sys-OP Hacker\";s:9:\"classHide\";b:0;s:13:\"classClearfix\";b:0;s:15:\"magellanSupport\";b:0;s:12:\"renderAnchor\";b:0;s:17:\"dropdownHoverable\";b:0;s:10:\"classFloat\";s:0:\"\";s:14:\"classTextAlign\";s:0:\"\";s:21:\"classRadiusAndRounded\";s:0:\"\";s:21:\"classShowByScreenSize\";s:0:\"\";s:21:\"classHideByScreenSize\";s:0:\"\";s:25:\"classOrientationDetection\";s:0:\"\";s:19:\"classTouchDetection\";s:0:\"\";s:14:\"customCssClass\";s:0:\"\";s:12:\"customHtmlId\";s:0:\"\";s:13:\"customCssCode\";s:0:\"\";s:20:\"customUserAttributes\";s:0:\"\";s:10:\"customLook\";s:0:\"\";s:10:\"fragmentId\";s:0:\"\";s:6:\"faName\";s:0:\"\";s:9:\"faOptions\";a:1:{i:0;s:0:\"\";}s:11:\"faCustomCss\";s:0:\"\";s:3:\"url\";s:0:\"\";s:6:\"urlExt\";s:0:\"\";s:15:\"htmlTargetBlank\";s:0:\"\";s:9:\"htmlTitle\";s:0:\"\";s:16:\"htmlDataRevealId\";s:0:\"\";s:18:\"htmlDataDropdownId\";s:0:\"\";s:17:\"dropdownDirection\";s:0:\"\";s:12:\"classOptions\";a:2:{i:0;s:0:\"\";i:1;s:5:\"small\";}s:10:\"buttonType\";s:0:\"\";}','M12.Foundation:Button',0,0,NULL,NULL,0,'a:0:{}',3,'/sites/m12/main/node53712f7134e24/col1/column/node53712f478e475/col4/column/node5372893ba9ac6/content','d2dc68b2b22275220cd75ae4765b0f9d','d751713988987e9331980363e24189ce','a:0:{}','6d2f47be21cdaadf710652f5219cec46',NULL),('a69784eb-71a0-f9a5-e1b1-1e1c0b41910b','live',NULL,'/sites/m12/blog/typo3-vs-drupal-stats/main/node5389f830a1599','6a928c26-9995-7b20-981a-54cd2b0f2fb2',1900,'a:4:{s:13:\"customTagName\";s:3:\"div\";s:4:\"text\";s:1031:\"<p>TYPO3 and Drupal target roughly the same market. But TYPO3 has a lot to catch up to be as equally recognisable and popular as Drupal. It needs a’la<em>TYPO3IA</em> to respond to <em>Acquia</em> strong marketing. It needs more advertising, it needs solutions like dedicated hosting, it needs companies who would offer support to enterprise customers. It needs PaaS and SaaS products based on TYPO3 which would popularise it (vs. e.g. <a href=\"http://www.drupalgardens.com/\">Drupal Gardens</a>). It needs talks and presence on conferences. And it has to be in English - some of us doesn’t speak German.</p><p>If my crystal orb is right, at least some of these we’re going to see happening in 2014 and following years. With new TYPO3 CMS 6.x (continuation of 4.x), completely new TYPO3 Neos - notabene both based on the same <a href=\"http://flow.typo3.org/\">TYPO3 Flow</a> v.2 framework - we’re in a good shape to change above numbers. And I’m ready to set my hand to the plough and help a little bit with that.</p>\";s:9:\"classHide\";b:0;s:13:\"classClearfix\";b:0;}','TYPO3.Neos.NodeTypes:Text',0,0,NULL,NULL,0,'a:0:{}',2,'/sites/m12/blog/typo3-vs-drupal-stats/main','af3568fa18f43c5ff3bc1bd214258be1','d751713988987e9331980363e24189ce','a:0:{}','af55dff3a021a46d7b34772bf1d97f4f',NULL),('a97d1873-483d-5043-efb6-1776e8303c1f','live',NULL,'/sites/m12/blog/typo3-vs-drupal-stats/synopsis/node5389f40a9a15e','bd9090bf-3d1f-e141-a70d-741378cea109',100,'a:4:{s:13:\"customTagName\";s:3:\"div\";s:4:\"text\";s:792:\"<p>Year 2014 is going to be busy both in <a href=\"http://drupal.org/\">Drupal</a> and <a href=\"http://typo3.org/\">TYPO3 CMS</a> camps. TYPO3 has just released completely new flagship <a href=\"http://neos.typo3.org/\">TYPO3 Neos</a>, beautifully designed and written from the scratch, with content-first approach, focused on author and developer experience (if you haven’t try it yet, you must do!). From Drupal camp, on the horizon we have <a href=\"https://drupal.org/\">Drupal 8</a> (currently alpha) which promises to be revolutionary too. After a nearly 3-years-long affair with Drupal I’m coming back to TYPO3 world (the <em>why</em> is a topic for separate and rather a long post) - therefore it was interesting to look at current stats and trends regarding these two.<br/></p>\";s:9:\"classHide\";b:0;s:13:\"classClearfix\";b:0;}','TYPO3.Neos.NodeTypes:Text',0,0,NULL,NULL,0,'a:0:{}',2,'/sites/m12/blog/typo3-vs-drupal-stats/synopsis','f035ae49a72da8ae9aa4609541f33bb3','d751713988987e9331980363e24189ce','a:0:{}','f9071da5d4ee94c9556b05ce1edb066d',NULL),('aae8fd3b-cd5f-b352-fdb8-65c16f4703e9','live',NULL,'/sites/m12/blog/vagrant-with-typo3-flow-neos/main','3f3b2031-41c8-0bc8-836f-7a660ce4cc23',200,'a:0:{}','TYPO3.Neos:ContentCollection',0,0,NULL,NULL,0,'a:0:{}',2,'/sites/m12/blog/vagrant-with-typo3-flow-neos','4fa8f7be511dab2c07a79fd0db91e359','d751713988987e9331980363e24189ce','a:0:{}','b2baa4e37319618365cbe98b84c14247',NULL),('adedeb47-54fd-521b-fab4-139121c01a6c','live',NULL,'/sites/m12/main/node53712414795c7/col1/column/node5371247d99b66','c38625ec-07a3-1542-28c1-4210fa980f2e',100,'a:21:{s:13:\"customTagName\";s:6:\"header\";s:5:\"title\";s:17:\"<h1>About us</h1>\";s:9:\"classHide\";b:0;s:13:\"classClearfix\";b:0;s:10:\"classFloat\";s:0:\"\";s:14:\"classTextAlign\";s:0:\"\";s:21:\"classRadiusAndRounded\";s:0:\"\";s:21:\"classShowByScreenSize\";s:0:\"\";s:21:\"classHideByScreenSize\";s:0:\"\";s:25:\"classOrientationDetection\";s:0:\"\";s:19:\"classTouchDetection\";s:0:\"\";s:14:\"customCssClass\";s:0:\"\";s:12:\"customHtmlId\";s:0:\"\";s:13:\"customCssCode\";s:0:\"\";s:20:\"customUserAttributes\";s:0:\"\";s:10:\"customLook\";s:0:\"\";s:10:\"fragmentId\";s:0:\"\";s:15:\"magellanSupport\";b:0;s:6:\"faName\";s:0:\"\";s:9:\"faOptions\";a:1:{i:0;s:0:\"\";}s:11:\"faCustomCss\";s:0:\"\";}','TYPO3.Neos.NodeTypes:Headline',0,0,NULL,NULL,0,'a:0:{}',3,'/sites/m12/main/node53712414795c7/col1/column','3567e950ab478487021c2d29af65dc8e','d751713988987e9331980363e24189ce','a:0:{}','168ae0eb57cd5d310f17f93d44735ba6',NULL),('b326e7c9-c99c-455d-86c5-8a45d7d2de98','live',NULL,'/sites/m12/main/node53712f7134e24/col1/column/node53712f478e475/col2/column/node5372893ba9ac6/content/node535ebc731aced','b64ac71f-9073-aea0-4b65-2a3d06e09da1',300,'a:31:{s:5:\"label\";s:14:\"Front-end head\";s:9:\"classHide\";b:0;s:13:\"classClearfix\";b:0;s:15:\"magellanSupport\";b:0;s:12:\"renderAnchor\";b:0;s:17:\"dropdownHoverable\";b:0;s:10:\"classFloat\";s:0:\"\";s:14:\"classTextAlign\";s:0:\"\";s:21:\"classRadiusAndRounded\";s:0:\"\";s:21:\"classShowByScreenSize\";s:0:\"\";s:21:\"classHideByScreenSize\";s:0:\"\";s:25:\"classOrientationDetection\";s:0:\"\";s:19:\"classTouchDetection\";s:0:\"\";s:14:\"customCssClass\";s:0:\"\";s:12:\"customHtmlId\";s:0:\"\";s:13:\"customCssCode\";s:0:\"\";s:20:\"customUserAttributes\";s:0:\"\";s:10:\"customLook\";s:0:\"\";s:10:\"fragmentId\";s:0:\"\";s:6:\"faName\";s:0:\"\";s:9:\"faOptions\";a:1:{i:0;s:0:\"\";}s:11:\"faCustomCss\";s:0:\"\";s:3:\"url\";s:0:\"\";s:6:\"urlExt\";s:0:\"\";s:15:\"htmlTargetBlank\";s:0:\"\";s:9:\"htmlTitle\";s:0:\"\";s:16:\"htmlDataRevealId\";s:0:\"\";s:18:\"htmlDataDropdownId\";s:0:\"\";s:17:\"dropdownDirection\";s:0:\"\";s:12:\"classOptions\";a:2:{i:0;s:0:\"\";i:1;s:5:\"small\";}s:10:\"buttonType\";s:0:\"\";}','M12.Foundation:Button',0,0,NULL,NULL,0,'a:0:{}',3,'/sites/m12/main/node53712f7134e24/col1/column/node53712f478e475/col2/column/node5372893ba9ac6/content','2f3104efb297daa64246210374a81177','d751713988987e9331980363e24189ce','a:0:{}','0434f8889295a19b6ecb3dbecea208f7',NULL),('b55affb5-1afb-f80c-b89e-4fa47aee6bba','live',NULL,'/sites/m12/blog/main','37f57775-4e2a-1a04-51fa-61abc0944362',100,'a:0:{}','TYPO3.Neos:ContentCollection',0,0,NULL,NULL,0,'a:0:{}',2,'/sites/m12/blog','456c5a2f6ec22d2febd4a872f8916138','d751713988987e9331980363e24189ce','a:0:{}','61ac89e104d8c6d5c0c9601c04315320',NULL),('b71e5937-b476-695e-1aad-907e899de973','live',NULL,'/sites/m12/blog/sidebar/node-54b02145c4e04','9131b954-7147-4f77-089b-1ebfaedcf775',350,'a:19:{s:10:\"classFloat\";s:0:\"\";s:14:\"classTextAlign\";s:10:\"text-right\";s:21:\"classRadiusAndRounded\";s:0:\"\";s:21:\"classShowByScreenSize\";s:0:\"\";s:21:\"classHideByScreenSize\";s:0:\"\";s:25:\"classOrientationDetection\";s:0:\"\";s:19:\"classTouchDetection\";s:0:\"\";s:14:\"customCssClass\";s:23:\"hide-on-blog-index-page\";s:12:\"customHtmlId\";s:0:\"\";s:13:\"customCssCode\";s:0:\"\";s:4:\"text\";s:194:\"<p><a href=\"node://b915bfe6-e160-973e-0bca-df0674c2730a\" data-gentics-aloha-repository=\"node-repository\" data-gentics-aloha-object-id=\"b915bfe6-e160-973e-0bca-df0674c2730a\">See all posts</a></p>\";s:9:\"faOptions\";a:1:{i:0;s:0:\"\";}s:9:\"classHide\";b:0;s:13:\"classClearfix\";b:0;s:20:\"customUserAttributes\";s:0:\"\";s:10:\"customLook\";s:0:\"\";s:13:\"customTagName\";s:0:\"\";s:6:\"faName\";s:0:\"\";s:11:\"faCustomCss\";s:0:\"\";}','TYPO3.Neos.NodeTypes:Text',0,0,NULL,NULL,0,'a:0:{}',10,'/sites/m12/blog/sidebar','aa95fff91c77585cef5d5da96c62f559','d751713988987e9331980363e24189ce','a:0:{}','770257cf45b25229dd765ca8a1bd0779',NULL),('b7aaeedd-37b2-962e-0c92-e0e6104340d1','live',NULL,'/sites/m12/blog/vagrant-with-typo3-flow-neos/main/node5389eeebb777b','ca415590-a962-d0d4-c08a-625148801edf',100,'a:7:{s:13:\"customTagName\";s:3:\"div\";s:4:\"text\";s:1294:\"<p><b>UPDATE 2014\'09</b>: After playing more with <a href=\"http://www.opscode.com/chef/\">Chef</a> and <a href=\"https://docker.com/\">Docker</a>, ultimately I have moved to Docker as it\'s far more suitable for application encapsulation and isolation. See <a href=\"https://github.com/million12/docker-typo3-neos\">million12/typo3-neos</a> Docker image. It doesn\'t mean Chef is not useful, it still has its place in server/VM provisioning (which can host your Docker services).</p><p>I know that plenty of you guys are using Vagrant for web development. My intention was to have TYPO3 Flow/Neos setup, up &amp; running in no time, even for 1st-timers with Flow/Neos and/or Vagrant.</p><p>It has Nginx / PHP-FPM / MySQL / phpMyAdmin plus all necessary tuning (e.g. memory_limit for PHP, client_max_body_size for Nginx, Opcode for PHP, MySQL optimisation including correct character-set and collaton settings, etc etc) - so Flow/Neos can run smoothly and fast.</p><p>I plan to maintain it as I\'m extremely excited about Neos and I\'m starting my first serious project(s) based on it.</p><p>Have a try - any suggestions more then welcomed: <a href=\"https://github.com/ryzy/vc-typo3-neos\">https://github.com/ryzy/vc-typo3-neos</a>. There\'s a nice README, so just follow the instructions from there.</p>\";s:9:\"classHide\";b:0;s:13:\"classClearfix\";b:0;s:6:\"faSpin\";b:0;s:12:\"faFixedWidth\";b:0;s:12:\"faRightAlign\";b:0;}','TYPO3.Neos.NodeTypes:Text',0,0,NULL,NULL,0,'a:0:{}',2,'/sites/m12/blog/vagrant-with-typo3-flow-neos/main','ddb10f538622f8d512507d24645d88cd','d751713988987e9331980363e24189ce','a:0:{}','4fa8f7be511dab2c07a79fd0db91e359',NULL),('b8470b17-98c8-6a5a-a8cf-320ae60c37c8','live',NULL,'/sites/m12/teaser','43a2ad4b-4979-c84f-deb9-44fe4b6e8643',100,'a:0:{}','TYPO3.Neos:ContentCollection',0,0,NULL,NULL,0,'a:0:{}',2,'/sites/m12','7c1c6ade8102174811ed8c36e22362b0','d751713988987e9331980363e24189ce','a:0:{}','d563784a30f0e3761c5acfb8d0ac21a1',NULL),('bbf40bb1-6870-86e2-c948-4938096630d7','live',NULL,'/sites/m12/main/node5371347fd4bc5/col1/column/node537134b040315/col2/column','513f9b19-ca90-65b7-a1cc-9279e42e9489',100,'a:0:{}','TYPO3.Neos:ContentCollection',0,0,NULL,NULL,0,'a:0:{}',2,'/sites/m12/main/node5371347fd4bc5/col1/column/node537134b040315/col2','1e6f90d4e2a101d4dc620e77d10a9ad8','d751713988987e9331980363e24189ce','a:0:{}','51f5f9d309e699659d28b6f34aa38ea1',NULL),('bc849b9b-ecb3-ca03-3d14-2c6f03743085','live',NULL,'/sites/m12','bf628f2e-ed35-0897-5c58-bd3fd7f541d4',100,'a:8:{s:5:\"title\";s:48:\"MILLION12 - web applications, TYPO3 Neos, DevOps\";s:6:\"layout\";s:11:\"landingPage\";s:13:\"subpageLayout\";s:7:\"default\";s:14:\"customCssClass\";s:9:\"home-page\";s:4:\"name\";s:6:\"M12.io\";s:5:\"state\";s:1:\"1\";s:23:\"siteResourcesPackageKey\";s:8:\"M12.Site\";s:14:\"uriPathSegment\";s:3:\"m12\";}','TYPO3.Neos.NodeTypes:PageTeaser',0,0,NULL,NULL,0,'a:0:{}',3,'/sites','d563784a30f0e3761c5acfb8d0ac21a1','d751713988987e9331980363e24189ce','a:0:{}','dbd87ae51cbf5240fea77283585e69d5',NULL),('bdacf4af-1ea8-6c26-4493-63b668daaaa8','live',NULL,'/sites/m12/main/node5371347fd4bc5/col1/column/node537134b040315/col1/column','26e4dc92-54d0-c85f-ae05-e7491d976b6f',100,'a:0:{}','TYPO3.Neos:ContentCollection',0,0,NULL,NULL,0,'a:0:{}',2,'/sites/m12/main/node5371347fd4bc5/col1/column/node537134b040315/col1','33ce1653945c7980cd1825d7cb0ba878','d751713988987e9331980363e24189ce','a:0:{}','64a4a33a7921240f4d7f32a63908200f',NULL),('be17c9dd-0fb8-fc5a-1fdb-a493276193ac','live',NULL,'/sites/m12/main/node53712e98b6197/col1','1c5f4448-83c8-af05-38d7-3d53a2dfaedd',100,'a:23:{s:13:\"customTagName\";s:0:\"\";s:9:\"classHide\";b:0;s:13:\"classClearfix\";b:0;s:10:\"classFloat\";s:0:\"\";s:14:\"classTextAlign\";s:0:\"\";s:21:\"classRadiusAndRounded\";s:0:\"\";s:21:\"classShowByScreenSize\";s:0:\"\";s:21:\"classHideByScreenSize\";s:0:\"\";s:25:\"classOrientationDetection\";s:0:\"\";s:19:\"classTouchDetection\";s:0:\"\";s:14:\"customCssClass\";s:0:\"\";s:12:\"customHtmlId\";s:0:\"\";s:13:\"customCssCode\";s:0:\"\";s:20:\"customUserAttributes\";s:0:\"\";s:10:\"customLook\";s:0:\"\";s:10:\"fragmentId\";s:0:\"\";s:15:\"magellanSupport\";b:0;s:5:\"title\";s:0:\"\";s:13:\"classGridSize\";a:2:{i:0;s:0:\"\";i:1;s:8:\"small-12\";}s:15:\"classGridOffset\";a:1:{i:0;s:0:\"\";}s:17:\"classGridPushPull\";a:1:{i:0;s:0:\"\";}s:14:\"classGridAlign\";a:1:{i:0;s:0:\"\";}s:19:\"classGridResetOrder\";a:1:{i:0;s:0:\"\";}}','M12.Foundation:Column',0,0,NULL,NULL,0,'a:0:{}',3,'/sites/m12/main/node53712e98b6197','76a65b21e47dc67dc8453b8dd79bf53c','d751713988987e9331980363e24189ce','a:0:{}','ac4ee686e4531feefe8de6f78fe3532f',NULL),('bed79b09-10b4-111e-a355-411de4f7ba3a','live',NULL,'/sites/m12/main/node53712e98b6197','0f0fa11d-2e59-f4bc-7a0f-de0f18d7c02a',200,'a:20:{s:14:\"customCssClass\";s:18:\"section-what-we-do\";s:10:\"customLook\";s:10:\"bg-lighter\";s:13:\"customTagName\";s:7:\"section\";s:10:\"fragmentId\";s:10:\"what-we-do\";s:9:\"classHide\";b:0;s:13:\"classClearfix\";b:0;s:15:\"magellanSupport\";b:1;s:16:\"gridExtraWrapper\";b:1;s:13:\"classCollapse\";b:0;s:10:\"classFloat\";s:0:\"\";s:14:\"classTextAlign\";s:0:\"\";s:21:\"classRadiusAndRounded\";s:0:\"\";s:21:\"classShowByScreenSize\";s:0:\"\";s:21:\"classHideByScreenSize\";s:0:\"\";s:25:\"classOrientationDetection\";s:0:\"\";s:19:\"classTouchDetection\";s:0:\"\";s:12:\"customHtmlId\";s:0:\"\";s:13:\"customCssCode\";s:0:\"\";s:20:\"customUserAttributes\";s:0:\"\";s:5:\"title\";s:16:\"Grid: what we do\";}','M12.Foundation:GridRow1Col',0,0,NULL,NULL,0,'a:0:{}',3,'/sites/m12/main','ac4ee686e4531feefe8de6f78fe3532f','d751713988987e9331980363e24189ce','a:0:{}','7a6881d0d33c0b0b623f78c54a78e88c',NULL),('bf45a8b2-7a66-06c3-8aa0-9c419b01b3cc','live',NULL,'/sites/m12/blog/typo3-vs-drupal-stats','98067132-123e-22ee-1c22-a31beb1396a8',400,'a:5:{s:5:\"title\";s:21:\"TYPO3 vs Drupal stats\";s:6:\"author\";s:14:\"Marcin Ryzycki\";s:13:\"datePublished\";O:8:\"DateTime\":3:{s:4:\"date\";s:26:\"2014-01-14 00:00:00.000000\";s:13:\"timezone_type\";i:1;s:8:\"timezone\";s:6:\"+00:00\";}s:4:\"tags\";s:25:\"typo3, drupal, typo3-neos\";s:14:\"uriPathSegment\";s:21:\"typo3-vs-drupal-stats\";}','M12.Plugin.Blog:Post',0,0,NULL,NULL,1,'a:0:{}',3,'/sites/m12/blog','53bc66439d76a2069d01719401616738','d751713988987e9331980363e24189ce','a:0:{}','61ac89e104d8c6d5c0c9601c04315320',NULL),('bf97a03b-0e9f-90f0-fa22-6fdfe1fd630a','live',NULL,'/sites/m12/main/node53712f7134e24/col1/column/node53712f478e475/col1/column/node537288efeb1b2/content/node537133bc8e01c','c65d118a-3e30-8fde-3d76-6441c09c04f7',200,'a:4:{s:13:\"customTagName\";s:3:\"div\";s:5:\"title\";s:23:\"<h3>Marcin Ryzycki</h3>\";s:9:\"classHide\";b:0;s:13:\"classClearfix\";b:0;}','TYPO3.Neos.NodeTypes:Headline',0,0,NULL,NULL,0,'a:0:{}',2,'/sites/m12/main/node53712f7134e24/col1/column/node53712f478e475/col1/column/node537288efeb1b2/content','b56b6c1a9ce1d50e59adde26b33c5700','d751713988987e9331980363e24189ce','a:0:{}','537b9f1b4a55505a048d7fa92e009899',NULL),('c01b2b45-837f-3a49-bc25-1f93707046c3','live',NULL,'/sites/m12/main/node53712e98b6197/col1/column','70393289-e5e7-18a3-91cf-925463a15367',100,'a:0:{}','TYPO3.Neos:ContentCollection',0,0,NULL,NULL,0,'a:0:{}',2,'/sites/m12/main/node53712e98b6197/col1','38054c26d66777b305cec0ce36ce37da','d751713988987e9331980363e24189ce','a:0:{}','76a65b21e47dc67dc8453b8dd79bf53c',NULL),('c1a7b94a-d1c7-d6c9-5878-048c72272404','live',NULL,'/sites/m12/blog/typo3-vs-drupal-stats/main/node5389f6384e227','3d9bf701-a5e4-ecde-0a40-21e32e05d185',500,'a:4:{s:13:\"customTagName\";s:3:\"div\";s:5:\"title\";s:23:\"<h3>Worldwide<br/></h3>\";s:9:\"classHide\";b:0;s:13:\"classClearfix\";b:0;}','TYPO3.Neos.NodeTypes:Headline',0,0,NULL,NULL,0,'a:0:{}',2,'/sites/m12/blog/typo3-vs-drupal-stats/main','6427f298e1edf7b4cdebbb1b56771011','d751713988987e9331980363e24189ce','a:0:{}','af55dff3a021a46d7b34772bf1d97f4f',NULL),('c27e0d41-93b4-f10b-dcd1-1018616303ae','live',NULL,'/sites/m12/footer','cd342956-9165-fd39-d7e7-58aae922970f',300,'a:0:{}','TYPO3.Neos:ContentCollection',0,0,NULL,NULL,0,'a:0:{}',2,'/sites/m12','e5575aa634290b1df1389d4b4b7bacea','d751713988987e9331980363e24189ce','a:0:{}','d563784a30f0e3761c5acfb8d0ac21a1',NULL),('c3b5c3e0-871b-d53e-87ff-6e27165eb4c9','live',NULL,'/sites/m12/teaser/node535c4ad8557db/content','838b61de-2d27-ff8a-4c00-96e71c7a6be9',100,'a:0:{}','TYPO3.Neos:ContentCollection',0,0,NULL,NULL,0,'a:0:{}',2,'/sites/m12/teaser/node535c4ad8557db','6d17fcb7304e53ee5d6e6c03e783feb0','d751713988987e9331980363e24189ce','a:0:{}','e3d6835a85146f0b3fab4145e8d26063',NULL),('c7628c3e-e1fd-a099-92cc-25cf0153c909','live',NULL,'/sites/m12/main/node53713418b9bee','eeaab317-0dbe-df4b-e31a-3bb77c9ff435',500,'a:20:{s:14:\"customCssClass\";s:15:\"section-contact\";s:13:\"customTagName\";s:7:\"section\";s:10:\"fragmentId\";s:7:\"contact\";s:9:\"classHide\";b:0;s:13:\"classClearfix\";b:0;s:15:\"magellanSupport\";b:1;s:16:\"gridExtraWrapper\";b:1;s:13:\"classCollapse\";b:0;s:10:\"customLook\";s:9:\"bg-medium\";s:10:\"classFloat\";s:0:\"\";s:14:\"classTextAlign\";s:0:\"\";s:21:\"classRadiusAndRounded\";s:0:\"\";s:21:\"classShowByScreenSize\";s:0:\"\";s:21:\"classHideByScreenSize\";s:0:\"\";s:25:\"classOrientationDetection\";s:0:\"\";s:19:\"classTouchDetection\";s:0:\"\";s:12:\"customHtmlId\";s:0:\"\";s:13:\"customCssCode\";s:0:\"\";s:20:\"customUserAttributes\";s:0:\"\";s:5:\"title\";s:17:\"Grid row: contact\";}','M12.Foundation:GridRow1Col',0,0,NULL,NULL,0,'a:0:{}',3,'/sites/m12/main','e0c3e6ff37c02879416e8ad9e9a4e610','d751713988987e9331980363e24189ce','a:0:{}','7a6881d0d33c0b0b623f78c54a78e88c',NULL),('c7ee737f-3197-953e-3caf-812fac59dd65','live',NULL,'/sites/m12/main/node53712f7134e24/col1/column/node53712f478e475/col4','6c823da6-1b36-a59c-b0c9-f55d259d3ed5',400,'a:24:{s:14:\"classTextAlign\";s:11:\"text-center\";s:13:\"customTagName\";s:0:\"\";s:9:\"classHide\";b:0;s:13:\"classClearfix\";b:0;s:20:\"customUserAttributes\";s:20:\"data-equalizer-watch\";s:15:\"magellanSupport\";b:0;s:14:\"classEndColumn\";b:0;s:10:\"classFloat\";s:0:\"\";s:21:\"classRadiusAndRounded\";s:0:\"\";s:21:\"classShowByScreenSize\";s:0:\"\";s:21:\"classHideByScreenSize\";s:0:\"\";s:25:\"classOrientationDetection\";s:0:\"\";s:19:\"classTouchDetection\";s:0:\"\";s:14:\"customCssClass\";s:0:\"\";s:12:\"customHtmlId\";s:0:\"\";s:13:\"customCssCode\";s:0:\"\";s:10:\"customLook\";s:0:\"\";s:10:\"fragmentId\";s:0:\"\";s:5:\"title\";s:16:\"Grid: people: PO\";s:13:\"classGridSize\";a:4:{i:0;s:0:\"\";i:1;s:8:\"small-12\";i:2;s:8:\"medium-6\";i:3;s:7:\"large-3\";}s:15:\"classGridOffset\";a:1:{i:0;s:0:\"\";}s:17:\"classGridPushPull\";a:1:{i:0;s:0:\"\";}s:14:\"classGridAlign\";a:1:{i:0;s:0:\"\";}s:19:\"classGridResetOrder\";a:1:{i:0;s:0:\"\";}}','M12.Foundation:ColumnEnd',0,0,NULL,NULL,0,'a:0:{}',3,'/sites/m12/main/node53712f7134e24/col1/column/node53712f478e475','83083c643de8edd392f88b3485dd94c1','d751713988987e9331980363e24189ce','a:0:{}','ad706da2ccd013c460065030c50887d0',NULL),('c88c19c8-72bf-b681-f1c0-e15075106163','live',NULL,'/sites/m12/footer/node537137149dd0f/col2/column/node535eb605a76ba','f3057730-bd25-5309-af17-0d784c64fb22',100,'a:6:{s:4:\"text\";s:67:\"<p>MILLION12 Ltd is registered in England, number 7654321.<br/></p>\";s:9:\"classHide\";b:0;s:13:\"classClearfix\";b:0;s:6:\"faSpin\";b:0;s:12:\"faFixedWidth\";b:0;s:12:\"faRightAlign\";b:0;}','TYPO3.Neos.NodeTypes:Text',0,0,NULL,NULL,0,'a:0:{}',2,'/sites/m12/footer/node537137149dd0f/col2/column','53b8654e2531d0d2dfecb2842eaf1864','d751713988987e9331980363e24189ce','a:0:{}','bdca4a69e530b0090ba4239becefba96',NULL),('cdb5ece7-c528-c89e-9092-301929b4e9f7','live',NULL,'/sites/m12/teaser/node535c4ad8557db/content/text1','a8f8d245-ba83-9d2a-c437-02a5b4c5ade5',200,'a:19:{s:4:\"text\";s:259:\"<ul><li>We are Web Apps Developers<br/></li><li>Passionate About Building Great Products</li><li>Passionate About Web Technologies</li><li>Passionate About User eXperience</li><li>We Love Automation, Testing and DevOps<br/></li><li>We Love Good Code</li></ul>\";s:9:\"classHide\";b:0;s:13:\"classClearfix\";b:0;s:14:\"customCssClass\";s:12:\"animatedList\";s:10:\"classFloat\";s:0:\"\";s:14:\"classTextAlign\";s:0:\"\";s:21:\"classRadiusAndRounded\";s:0:\"\";s:21:\"classShowByScreenSize\";s:0:\"\";s:21:\"classHideByScreenSize\";s:0:\"\";s:25:\"classOrientationDetection\";s:0:\"\";s:19:\"classTouchDetection\";s:0:\"\";s:12:\"customHtmlId\";s:0:\"\";s:13:\"customCssCode\";s:0:\"\";s:20:\"customUserAttributes\";s:0:\"\";s:10:\"customLook\";s:0:\"\";s:13:\"customTagName\";s:0:\"\";s:6:\"faName\";s:0:\"\";s:9:\"faOptions\";a:1:{i:0;s:0:\"\";}s:11:\"faCustomCss\";s:0:\"\";}','TYPO3.Neos.NodeTypes:Text',0,0,NULL,NULL,0,'a:0:{}',3,'/sites/m12/teaser/node535c4ad8557db/content','3997da62a7902b2d299bf525f577b692','d751713988987e9331980363e24189ce','a:0:{}','6d17fcb7304e53ee5d6e6c03e783feb0',NULL),('cfa80bfa-6117-7bd5-4f6e-0fd72ee94324','live',NULL,'/sites/m12/main/node53712f7134e24/col1/column/node53712f478e475/col1/column/node537288efeb1b2/content/node535e99f72a571','bdfa5b0e-3ffc-6739-4eed-1e304cd5ce07',400,'a:19:{s:14:\"classTextAlign\";s:9:\"text-left\";s:4:\"text\";s:416:\"<p>Marcin is a full-stack web developer. He flirts with everything around web-development, incl. DevOps, front-end development, business and marketing side. He loves Flow, Neos, simple aesthetic design, great UX, superb performance and white wine. Apart of being involved full-time in <a href=\"http://typostrap.io/\">Typostrap</a>, he is also a web consultant at <a href=\"http://megabuyte.com/\">Megabuyte</a>. </p>\";s:9:\"classHide\";b:0;s:13:\"classClearfix\";b:0;s:10:\"classFloat\";s:0:\"\";s:21:\"classRadiusAndRounded\";s:0:\"\";s:21:\"classShowByScreenSize\";s:0:\"\";s:21:\"classHideByScreenSize\";s:0:\"\";s:25:\"classOrientationDetection\";s:0:\"\";s:19:\"classTouchDetection\";s:0:\"\";s:14:\"customCssClass\";s:0:\"\";s:12:\"customHtmlId\";s:0:\"\";s:13:\"customCssCode\";s:0:\"\";s:20:\"customUserAttributes\";s:0:\"\";s:10:\"customLook\";s:0:\"\";s:13:\"customTagName\";s:0:\"\";s:6:\"faName\";s:0:\"\";s:11:\"faCustomCss\";s:0:\"\";s:9:\"faOptions\";a:1:{i:0;s:0:\"\";}}','TYPO3.Neos.NodeTypes:Text',0,0,NULL,NULL,0,'a:0:{}',3,'/sites/m12/main/node53712f7134e24/col1/column/node53712f478e475/col1/column/node537288efeb1b2/content','f6a864c41ecc673c2f190e26bb7188b4','d751713988987e9331980363e24189ce','a:0:{}','537b9f1b4a55505a048d7fa92e009899',NULL),('cfdfa895-9cfd-a815-e9e8-21bc6881c90a','live',NULL,'/sites/m12/main/node53712f7134e24/col1/column/node53712f478e475/col3/column/node5372893ba9ac6/content/node535ebc731aced','6f386198-0cb3-7246-a888-818c70dd017c',300,'a:31:{s:5:\"label\";s:15:\"Front-end lover\";s:9:\"classHide\";b:0;s:13:\"classClearfix\";b:0;s:15:\"magellanSupport\";b:0;s:12:\"renderAnchor\";b:0;s:17:\"dropdownHoverable\";b:0;s:10:\"classFloat\";s:0:\"\";s:14:\"classTextAlign\";s:0:\"\";s:21:\"classRadiusAndRounded\";s:0:\"\";s:21:\"classShowByScreenSize\";s:0:\"\";s:21:\"classHideByScreenSize\";s:0:\"\";s:25:\"classOrientationDetection\";s:0:\"\";s:19:\"classTouchDetection\";s:0:\"\";s:14:\"customCssClass\";s:0:\"\";s:12:\"customHtmlId\";s:0:\"\";s:13:\"customCssCode\";s:0:\"\";s:20:\"customUserAttributes\";s:0:\"\";s:10:\"customLook\";s:0:\"\";s:10:\"fragmentId\";s:0:\"\";s:6:\"faName\";s:0:\"\";s:9:\"faOptions\";a:1:{i:0;s:0:\"\";}s:11:\"faCustomCss\";s:0:\"\";s:3:\"url\";s:0:\"\";s:6:\"urlExt\";s:0:\"\";s:15:\"htmlTargetBlank\";s:0:\"\";s:9:\"htmlTitle\";s:0:\"\";s:16:\"htmlDataRevealId\";s:0:\"\";s:18:\"htmlDataDropdownId\";s:0:\"\";s:17:\"dropdownDirection\";s:0:\"\";s:12:\"classOptions\";a:2:{i:0;s:0:\"\";i:1;s:5:\"small\";}s:10:\"buttonType\";s:0:\"\";}','M12.Foundation:Button',0,0,NULL,NULL,0,'a:0:{}',3,'/sites/m12/main/node53712f7134e24/col1/column/node53712f478e475/col3/column/node5372893ba9ac6/content','3569d4e6200e0c843891701646350942','d751713988987e9331980363e24189ce','a:0:{}','bcaaf0c97094eac3d7f0b30914f55a8e',NULL),('d0baf0d9-db3c-7947-2b30-e6217894009a','live',NULL,'/sites/m12/main/node53712f7134e24/col1/column/node53712f478e475/col2/column/node5372893ba9ac6/content/node535ebc5c7418c','016df738-b946-4f34-8cfd-ada071a1fb97',200,'a:3:{s:5:\"title\";s:28:\"<h3>Samuel Ryzycki<br/></h3>\";s:9:\"classHide\";b:0;s:13:\"classClearfix\";b:0;}','TYPO3.Neos.NodeTypes:Headline',0,0,NULL,NULL,0,'a:0:{}',2,'/sites/m12/main/node53712f7134e24/col1/column/node53712f478e475/col2/column/node5372893ba9ac6/content','79d4aefa5b28a9279399894024c0f19d','d751713988987e9331980363e24189ce','a:0:{}','0434f8889295a19b6ecb3dbecea208f7',NULL),('d20e4086-26cd-4c41-6e4e-932fbc249b35','live',NULL,'/sites/m12/main/node5371347fd4bc5/col1/column/node537134b040315/col1/column/node53615d9f2cfb9','809d1288-150b-9ab0-1d65-81bc79fbc3d8',100,'a:19:{s:4:\"text\";s:1087:\"<h3>Neos CMS projects</h3><p><b><a href=\"https://github.com/million12/M12.Foundation\">M12.Foundation</a></b>: Neos plugin implementing Zurb Foundation components inside the system. Do<span> you sometimes think how cool it would be to have all Zurb Foundation components available in Neos CMS? Now it is. And we used it to build <a href=\"http://typostrap.io/\">Typostrap</a> product.</span></p><p><a href=\"https://github.com/million12/Neos.Plugin.Blog\"><b>Neos.Plugin.Blog</b></a>: Neos plugin for blog/article system.</p><p><a href=\"https://github.com/million12/site-m12-io\"><b>site-m12-io</b></a>: our website (the one you\'re looking at), fully open-sourced. It is an example of how you can build simple website using Neos CMS. The website is very simple and contains just a few pages and a blog system. Though, while working on it, we tried to discover and incorporate the best practises for working with Neos. From HTML templates, Sass styling, modern package managers and build tools (bower, gulp, npm) through showing how you can wrap it all and launch using Docker containers.</p>\";s:9:\"classHide\";b:0;s:13:\"classClearfix\";b:0;s:10:\"classFloat\";s:0:\"\";s:14:\"classTextAlign\";s:0:\"\";s:21:\"classRadiusAndRounded\";s:0:\"\";s:21:\"classShowByScreenSize\";s:0:\"\";s:21:\"classHideByScreenSize\";s:0:\"\";s:25:\"classOrientationDetection\";s:0:\"\";s:19:\"classTouchDetection\";s:0:\"\";s:14:\"customCssClass\";s:0:\"\";s:12:\"customHtmlId\";s:0:\"\";s:13:\"customCssCode\";s:0:\"\";s:20:\"customUserAttributes\";s:0:\"\";s:10:\"customLook\";s:0:\"\";s:13:\"customTagName\";s:0:\"\";s:6:\"faName\";s:0:\"\";s:9:\"faOptions\";a:1:{i:0;s:0:\"\";}s:11:\"faCustomCss\";s:0:\"\";}','TYPO3.Neos.NodeTypes:Text',0,0,NULL,NULL,0,'a:0:{}',4,'/sites/m12/main/node5371347fd4bc5/col1/column/node537134b040315/col1/column','cdd3a76e744fa8916d596acbc7a66ff0','d751713988987e9331980363e24189ce','a:0:{}','33ce1653945c7980cd1825d7cb0ba878',NULL),('d4335225-8891-8358-6b98-10c995040183','live',NULL,'/sites/m12/main/node5371347fd4bc5/col1/column/node537134b040315','366c46e0-2230-2310-1ded-d35ef41aaa5f',200,'a:20:{s:13:\"customTagName\";s:0:\"\";s:9:\"classHide\";b:0;s:13:\"classClearfix\";b:0;s:10:\"classFloat\";s:0:\"\";s:14:\"classTextAlign\";s:0:\"\";s:21:\"classRadiusAndRounded\";s:0:\"\";s:21:\"classShowByScreenSize\";s:0:\"\";s:21:\"classHideByScreenSize\";s:0:\"\";s:25:\"classOrientationDetection\";s:0:\"\";s:19:\"classTouchDetection\";s:0:\"\";s:14:\"customCssClass\";s:0:\"\";s:12:\"customHtmlId\";s:0:\"\";s:13:\"customCssCode\";s:0:\"\";s:20:\"customUserAttributes\";s:0:\"\";s:10:\"customLook\";s:0:\"\";s:10:\"fragmentId\";s:0:\"\";s:15:\"magellanSupport\";b:0;s:5:\"title\";s:0:\"\";s:16:\"gridExtraWrapper\";b:0;s:13:\"classCollapse\";b:0;}','M12.Foundation:GridRow2Col',0,0,NULL,NULL,0,'a:0:{}',3,'/sites/m12/main/node5371347fd4bc5/col1/column','f8eadc91f0b6f66331a080248c7c480c','d751713988987e9331980363e24189ce','a:0:{}','1066468be9f5cae03588430d2898a890',NULL),('d6c593d6-342b-3a83-cbde-0a6c80fd29ab','live',NULL,'/sites/m12/blog/sidebar/node53837479dbe0c','d961aaeb-1204-3892-93c9-e8ae6b873955',200,'a:21:{s:14:\"customCssClass\";s:23:\"hide-on-blog-index-page\";s:13:\"customTagName\";s:0:\"\";s:5:\"title\";s:195:\"<h1><a href=\"node://b915bfe6-e160-973e-0bca-df0674c2730a\" data-gentics-aloha-repository=\"node-repository\" data-gentics-aloha-object-id=\"b915bfe6-e160-973e-0bca-df0674c2730a\">Latest posts</a></h1>\";s:9:\"classHide\";b:0;s:13:\"classClearfix\";b:0;s:10:\"classFloat\";s:0:\"\";s:14:\"classTextAlign\";s:0:\"\";s:21:\"classRadiusAndRounded\";s:0:\"\";s:21:\"classShowByScreenSize\";s:0:\"\";s:21:\"classHideByScreenSize\";s:0:\"\";s:25:\"classOrientationDetection\";s:0:\"\";s:19:\"classTouchDetection\";s:0:\"\";s:12:\"customHtmlId\";s:0:\"\";s:13:\"customCssCode\";s:0:\"\";s:20:\"customUserAttributes\";s:0:\"\";s:10:\"customLook\";s:0:\"\";s:10:\"fragmentId\";s:0:\"\";s:15:\"magellanSupport\";b:0;s:6:\"faName\";s:0:\"\";s:9:\"faOptions\";a:1:{i:0;s:0:\"\";}s:11:\"faCustomCss\";s:0:\"\";}','TYPO3.Neos.NodeTypes:Headline',0,0,NULL,NULL,0,'a:0:{}',4,'/sites/m12/blog/sidebar','4a31654ab2d1f11cae96642406b45fa7','d751713988987e9331980363e24189ce','a:0:{}','770257cf45b25229dd765ca8a1bd0779',NULL),('d815f8ce-1517-1d89-e10c-cfba6747a004','live',NULL,'/sites/m12/what-we-do','a441b566-ba8d-3f09-87aa-e60eb7f27585',600,'a:5:{s:5:\"title\";s:10:\"What we do\";s:10:\"targetMode\";s:10:\"parentNode\";s:10:\"targetNode\";N;s:10:\"fragmentId\";s:10:\"what-we-do\";s:14:\"uriPathSegment\";s:10:\"what-we-do\";}','TYPO3.Neos:Shortcut',0,0,NULL,NULL,0,'a:0:{}',3,'/sites/m12','ce7f6dc48b862078881120ca619ee08e','d751713988987e9331980363e24189ce','a:0:{}','d563784a30f0e3761c5acfb8d0ac21a1',NULL),('d8aa9a09-0736-52a6-7364-25315e555497','live',NULL,'/sites/m12/main/node53712f7134e24/col1/column/node53712f478e475/col2/column/node5372893ba9ac6/content','f4b5d1d1-abac-0a6e-a625-47865767f6ec',100,'a:0:{}','TYPO3.Neos:ContentCollection',0,0,NULL,NULL,0,'a:0:{}',2,'/sites/m12/main/node53712f7134e24/col1/column/node53712f478e475/col2/column/node5372893ba9ac6','0434f8889295a19b6ecb3dbecea208f7','d751713988987e9331980363e24189ce','a:0:{}','26c4a77cefcdc79dd5310772f562788d',NULL),('d985da26-402a-e070-1762-59c60db44d74','live',NULL,'/sites/m12/blog/typo3-vs-drupal-stats/main/node5389f71cd14b9','f86b3198-cfbf-c7a8-d48f-6336372774e3',900,'a:4:{s:13:\"customTagName\";s:3:\"div\";s:5:\"title\";s:11:\"<h3>UK</h3>\";s:9:\"classHide\";b:0;s:13:\"classClearfix\";b:0;}','TYPO3.Neos.NodeTypes:Headline',0,0,NULL,NULL,0,'a:0:{}',2,'/sites/m12/blog/typo3-vs-drupal-stats/main','838319b504269652c34796065e6fab4b','d751713988987e9331980363e24189ce','a:0:{}','af55dff3a021a46d7b34772bf1d97f4f',NULL),('dae089d0-1592-9982-0b3e-22ebbf7116a7','live',NULL,'/sites/m12/main/node53712414795c7/col1/column','06b0837c-99e3-1ddd-2d6b-4472da7183ad',100,'a:0:{}','TYPO3.Neos:ContentCollection',0,0,NULL,NULL,0,'a:0:{}',2,'/sites/m12/main/node53712414795c7/col1','168ae0eb57cd5d310f17f93d44735ba6','d751713988987e9331980363e24189ce','a:0:{}','e537a335494398b9964bc4d8e2d355f5',NULL),('e17fdd16-04d4-721d-4552-b50dc1da6a55','live',NULL,'/sites/m12/main/node53713418b9bee/col1/column/node5371342fd482b','92a53dec-56ea-d2d6-53dc-301bfb62b21f',100,'a:21:{s:13:\"customTagName\";s:6:\"header\";s:5:\"title\";s:16:\"<h1>Contact</h1>\";s:9:\"classHide\";b:0;s:13:\"classClearfix\";b:0;s:10:\"classFloat\";s:0:\"\";s:14:\"classTextAlign\";s:0:\"\";s:21:\"classRadiusAndRounded\";s:0:\"\";s:21:\"classShowByScreenSize\";s:0:\"\";s:21:\"classHideByScreenSize\";s:0:\"\";s:25:\"classOrientationDetection\";s:0:\"\";s:19:\"classTouchDetection\";s:0:\"\";s:14:\"customCssClass\";s:0:\"\";s:12:\"customHtmlId\";s:0:\"\";s:13:\"customCssCode\";s:0:\"\";s:20:\"customUserAttributes\";s:0:\"\";s:10:\"customLook\";s:0:\"\";s:10:\"fragmentId\";s:0:\"\";s:15:\"magellanSupport\";b:0;s:6:\"faName\";s:0:\"\";s:9:\"faOptions\";a:1:{i:0;s:0:\"\";}s:11:\"faCustomCss\";s:0:\"\";}','TYPO3.Neos.NodeTypes:Headline',0,0,NULL,NULL,0,'a:0:{}',3,'/sites/m12/main/node53713418b9bee/col1/column','b017e41a8aa7b64276e6cc7ecc7622c7','d751713988987e9331980363e24189ce','a:0:{}','ef6c30b04efed63592566ba1159a6938',NULL),('e492eba4-f807-a9e9-06c6-f71f491d8ba3','live',NULL,'/sites/m12/footer/node537137149dd0f/col2/column','0ce3bddc-b567-f330-5ec6-c59239dafb11',100,'a:0:{}','TYPO3.Neos:ContentCollection',0,0,NULL,NULL,0,'a:0:{}',2,'/sites/m12/footer/node537137149dd0f/col2','bdca4a69e530b0090ba4239becefba96','d751713988987e9331980363e24189ce','a:0:{}','11c804c4f6f98071abb06f974f67e20b',NULL),('e62a5a91-b635-5e9e-2169-492a3b45943b','live',NULL,'/sites/m12/main/node53a234e740ee0/col1','df0fd2bc-120f-bc3f-d5a3-102899b62076',100,'a:23:{s:13:\"customTagName\";s:0:\"\";s:9:\"classHide\";b:0;s:13:\"classClearfix\";b:0;s:10:\"classFloat\";s:0:\"\";s:14:\"classTextAlign\";s:0:\"\";s:21:\"classRadiusAndRounded\";s:0:\"\";s:21:\"classShowByScreenSize\";s:0:\"\";s:21:\"classHideByScreenSize\";s:0:\"\";s:25:\"classOrientationDetection\";s:0:\"\";s:19:\"classTouchDetection\";s:0:\"\";s:14:\"customCssClass\";s:0:\"\";s:12:\"customHtmlId\";s:0:\"\";s:13:\"customCssCode\";s:0:\"\";s:20:\"customUserAttributes\";s:0:\"\";s:10:\"customLook\";s:0:\"\";s:10:\"fragmentId\";s:0:\"\";s:15:\"magellanSupport\";b:0;s:5:\"title\";s:0:\"\";s:13:\"classGridSize\";a:2:{i:0;s:0:\"\";i:1;s:8:\"small-12\";}s:15:\"classGridOffset\";a:1:{i:0;s:0:\"\";}s:17:\"classGridPushPull\";a:1:{i:0;s:0:\"\";}s:14:\"classGridAlign\";a:1:{i:0;s:0:\"\";}s:19:\"classGridResetOrder\";a:1:{i:0;s:0:\"\";}}','M12.Foundation:Column',0,0,NULL,NULL,0,'a:0:{}',3,'/sites/m12/main/node53a234e740ee0','b010b8680b33818199e1d647658dbb1d','d751713988987e9331980363e24189ce','a:0:{}','3f1a058f16f5061f562146474fc09128',NULL),('e8407416-2583-44e8-5f42-976482b264ac','live',NULL,'/sites/m12/main/node5371347fd4bc5/col1/column/node537134b040315/col2/column/node53615ec868c44','6fb7d861-a678-6c3d-7626-28b9f5424caa',100,'a:19:{s:4:\"text\";s:1101:\"<h3>Other projects</h3><ul><li><a href=\"https://github.com/million12/docker-typo3-flow-neos-abstract\" target=\"_blank\"><b>million12/typo3-flow-neos-abstract</b></a>: Docker image designed to easily build and launch any Flow Framework or Neos CMS projects inside Docker container. Fully customisable, fully documented. Check it out!</li><li><b><a href=\"https://github.com/million12/docker-typo3-neos\">million12/typo3-neos</a></b>: model example of how you can run Neos CMS inside Docker container. Based on our <i>million12/typo3-flow-neos-abstract</i> image. Try it, it takes seconds to have Neos CMS up &amp; running!</li><li><strong><a href=\"https://github.com/million12/docker-typo3-flow\" target=\"_blank\">million12/typo3-flow</a></strong>: same as above, bootstrap Flow Framework application in few seconds!</li><li><b><a href=\"https://github.com/million12/docker-php-app\">million12/php-app</a></b>: Docker image for building any PHP application. Includes nicely tuned Nginx, PHP-FPM + ruby, npm installed.</li></ul><p>See our <a href=\"https://github.com/million12\">GitHub profile</a> for more!</p>\";s:9:\"classHide\";b:0;s:13:\"classClearfix\";b:0;s:10:\"classFloat\";s:0:\"\";s:14:\"classTextAlign\";s:0:\"\";s:21:\"classRadiusAndRounded\";s:0:\"\";s:21:\"classShowByScreenSize\";s:0:\"\";s:21:\"classHideByScreenSize\";s:0:\"\";s:25:\"classOrientationDetection\";s:0:\"\";s:19:\"classTouchDetection\";s:0:\"\";s:14:\"customCssClass\";s:0:\"\";s:12:\"customHtmlId\";s:0:\"\";s:13:\"customCssCode\";s:0:\"\";s:20:\"customUserAttributes\";s:0:\"\";s:10:\"customLook\";s:0:\"\";s:13:\"customTagName\";s:0:\"\";s:6:\"faName\";s:0:\"\";s:9:\"faOptions\";a:1:{i:0;s:0:\"\";}s:11:\"faCustomCss\";s:0:\"\";}','TYPO3.Neos.NodeTypes:Text',0,0,NULL,NULL,0,'a:0:{}',4,'/sites/m12/main/node5371347fd4bc5/col1/column/node537134b040315/col2/column','9a1423ac5a31792806cf6a7e02d13859','d751713988987e9331980363e24189ce','a:0:{}','1e6f90d4e2a101d4dc620e77d10a9ad8',NULL),('eaf7d591-6968-b97f-65f5-83a734350aa2','live',NULL,'/sites/m12/main/node53712414795c7/col1','15e28bef-8cf4-e8ce-cbd3-cd66ace3fd52',100,'a:23:{s:13:\"customTagName\";s:0:\"\";s:9:\"classHide\";b:0;s:13:\"classClearfix\";b:0;s:10:\"classFloat\";s:0:\"\";s:14:\"classTextAlign\";s:0:\"\";s:21:\"classRadiusAndRounded\";s:0:\"\";s:21:\"classShowByScreenSize\";s:0:\"\";s:21:\"classHideByScreenSize\";s:0:\"\";s:25:\"classOrientationDetection\";s:0:\"\";s:19:\"classTouchDetection\";s:0:\"\";s:14:\"customCssClass\";s:0:\"\";s:12:\"customHtmlId\";s:0:\"\";s:13:\"customCssCode\";s:0:\"\";s:20:\"customUserAttributes\";s:0:\"\";s:10:\"customLook\";s:0:\"\";s:10:\"fragmentId\";s:0:\"\";s:15:\"magellanSupport\";b:0;s:5:\"title\";s:0:\"\";s:13:\"classGridSize\";a:2:{i:0;s:0:\"\";i:1;s:8:\"small-12\";}s:15:\"classGridOffset\";a:1:{i:0;s:0:\"\";}s:17:\"classGridPushPull\";a:1:{i:0;s:0:\"\";}s:14:\"classGridAlign\";a:1:{i:0;s:0:\"\";}s:19:\"classGridResetOrder\";a:1:{i:0;s:0:\"\";}}','M12.Foundation:Column',0,0,NULL,NULL,0,'a:0:{}',3,'/sites/m12/main/node53712414795c7','e537a335494398b9964bc4d8e2d355f5','d751713988987e9331980363e24189ce','a:0:{}','364cc581cc11705d017c1e41e5ea841f',NULL),('ed383242-4e16-bea8-1eda-bd8701d3cc4a','live',NULL,'/sites/m12/meet-us/main','ed7cac96-2c22-e962-5f33-37dedf79ddda',100,'a:0:{}','TYPO3.Neos:ContentCollection',0,0,NULL,NULL,0,'a:0:{}',2,'/sites/m12/meet-us','2fa7bdad99418315fe0a40bd8c848772','d751713988987e9331980363e24189ce','a:0:{}','8731b6c6c433b44bffee647ce59ccbe9',NULL),('ed9d5440-129b-bde8-7c89-155084aaa02c','live',NULL,'/sites/m12/blog/typo3-vs-drupal-stats/main/node5389f4816a0c7','e5923418-cafe-be1f-8361-aacd54779c70',100,'a:4:{s:13:\"customTagName\";s:3:\"div\";s:5:\"title\";s:36:\"<h2>Active / live websites<br/></h2>\";s:9:\"classHide\";b:0;s:13:\"classClearfix\";b:0;}','TYPO3.Neos.NodeTypes:Headline',0,0,NULL,NULL,0,'a:0:{}',2,'/sites/m12/blog/typo3-vs-drupal-stats/main','534cdce3f820f31d2901f529b4a0c641','d751713988987e9331980363e24189ce','a:0:{}','af55dff3a021a46d7b34772bf1d97f4f',NULL),('efe85b52-beb9-f2c6-7f36-27214b92d99e','live',NULL,'/sites/m12/blog/compile-neos-css-with-sourcemaps/main/node538b382740e5f','9eddd191-a814-756b-b6b2-e948515ce84d',700,'a:5:{s:9:\"showTitle\";b:1;s:5:\"title\";s:6:\"Shell:\";s:6:\"source\";s:89:\"$ cd NEOS_ROOT/Packages/Application/TYPO3.Neos/Resources/Private/Styles\n$ compass compile\";s:9:\"classHide\";b:0;s:13:\"classClearfix\";b:0;}','M12.Neos.NodeType.CodeSnippet:CodeSnippet',0,0,NULL,NULL,0,'a:0:{}',2,'/sites/m12/blog/compile-neos-css-with-sourcemaps/main','a8a086680a4623364c4a7a734254bf8f','d751713988987e9331980363e24189ce','a:0:{}','6945accb9ea6cd7904ef4d235bde3ddd',NULL),('f0fe7d57-7ef4-067c-e27a-f811b723aac9','live',NULL,'/sites/m12/footer/node537137149dd0f','cbc5bade-9f36-489a-650d-4cc3fa8f15ee',100,'a:20:{s:13:\"customTagName\";s:0:\"\";s:9:\"classHide\";b:0;s:13:\"classClearfix\";b:0;s:15:\"magellanSupport\";b:0;s:16:\"gridExtraWrapper\";b:0;s:13:\"classCollapse\";b:0;s:10:\"classFloat\";s:0:\"\";s:14:\"classTextAlign\";s:0:\"\";s:21:\"classRadiusAndRounded\";s:0:\"\";s:21:\"classShowByScreenSize\";s:0:\"\";s:21:\"classHideByScreenSize\";s:0:\"\";s:25:\"classOrientationDetection\";s:0:\"\";s:19:\"classTouchDetection\";s:0:\"\";s:14:\"customCssClass\";s:0:\"\";s:12:\"customHtmlId\";s:0:\"\";s:13:\"customCssCode\";s:0:\"\";s:20:\"customUserAttributes\";s:0:\"\";s:10:\"customLook\";s:0:\"\";s:10:\"fragmentId\";s:0:\"\";s:5:\"title\";s:16:\"Grid row: footer\";}','M12.Foundation:GridRow2Col',0,0,NULL,NULL,0,'a:0:{}',3,'/sites/m12/footer','986e232e61f7e317c4d400c1156273eb','d751713988987e9331980363e24189ce','a:0:{}','e5575aa634290b1df1389d4b4b7bacea',NULL),('f376a6a2-2a43-cea8-4169-85a29728defd','live',NULL,'/sites','d7879683-8b84-4662-0716-f539b69e8d2c',100,'a:0:{}','unstructured',0,0,NULL,NULL,0,'a:0:{}',3,'/','dbd87ae51cbf5240fea77283585e69d5','d751713988987e9331980363e24189ce','a:0:{}','6666cd76f96956469e7be39d750cc7d9',NULL),('f4173f9d-18c9-0c36-0a81-98fc584d17b7','live',NULL,'/sites/m12/teaser/node535c4ad8557db/content/node53628b963e216','0bc24b65-334e-1bd1-d88e-a6529e35d598',300,'a:31:{s:5:\"label\";s:14:\"See What We Do\";s:9:\"classHide\";b:0;s:13:\"classClearfix\";b:0;s:10:\"classFloat\";s:0:\"\";s:14:\"classTextAlign\";s:0:\"\";s:21:\"classRadiusAndRounded\";s:0:\"\";s:21:\"classShowByScreenSize\";s:0:\"\";s:21:\"classHideByScreenSize\";s:0:\"\";s:25:\"classOrientationDetection\";s:0:\"\";s:19:\"classTouchDetection\";s:0:\"\";s:14:\"customCssClass\";s:0:\"\";s:12:\"customHtmlId\";s:0:\"\";s:13:\"customCssCode\";s:0:\"\";s:20:\"customUserAttributes\";s:0:\"\";s:10:\"customLook\";s:0:\"\";s:10:\"fragmentId\";s:0:\"\";s:15:\"magellanSupport\";b:0;s:6:\"faName\";s:0:\"\";s:9:\"faOptions\";a:1:{i:0;s:0:\"\";}s:11:\"faCustomCss\";s:0:\"\";s:3:\"url\";s:0:\"\";s:6:\"urlExt\";s:0:\"\";s:15:\"htmlTargetBlank\";s:0:\"\";s:9:\"htmlTitle\";s:0:\"\";s:16:\"htmlDataRevealId\";s:0:\"\";s:18:\"htmlDataDropdownId\";s:0:\"\";s:17:\"dropdownHoverable\";b:0;s:17:\"dropdownDirection\";s:0:\"\";s:12:\"classOptions\";a:2:{i:0;s:0:\"\";i:1;s:5:\"small\";}s:10:\"buttonType\";s:0:\"\";s:12:\"renderAnchor\";b:1;}','M12.Foundation:Button',0,0,NULL,NULL,0,'a:0:{}',4,'/sites/m12/teaser/node535c4ad8557db/content','9e010b1746140da7b8c6f8e77f3d6c7a','d751713988987e9331980363e24189ce','a:0:{}','6d17fcb7304e53ee5d6e6c03e783feb0',NULL),('f6085138-74d6-d503-a481-47a44afb8056','live',NULL,'/sites/m12/main/node53712f7134e24/col1/column/node53712f478e475/col1/column','3a886c42-15c4-831c-1a20-bfbc67a9c49a',100,'a:0:{}','TYPO3.Neos:ContentCollection',0,0,NULL,NULL,0,'a:0:{}',2,'/sites/m12/main/node53712f7134e24/col1/column/node53712f478e475/col1','8034c03254fc9a69228efa28c4e3e824','d751713988987e9331980363e24189ce','a:0:{}','4dfcbbabeae8e8bd075796936d19688e',NULL),('f67ffc72-d67c-3a1c-0e39-0e11928f4710','live',NULL,'/sites/m12/teaser/node535c4ad8557db/content/node535d187b9465b','65f28e3c-f1c9-73f7-0ee0-bf1114304f79',100,'a:3:{s:9:\"classHide\";b:0;s:13:\"classClearfix\";b:0;s:6:\"assets\";a:1:{i:0;O:30:\"TYPO3\\Media\\Domain\\Model\\Image\":10:{s:32:\"\0*\0Persistence_Object_Identifier\";s:36:\"e5de8857-3a7e-8c24-fd5c-fd40a433eafb\";s:8:\"\0*\0width\";i:2000;s:9:\"\0*\0height\";i:1394;s:7:\"\0*\0type\";i:2;s:16:\"\0*\0imageVariants\";a:0:{}s:15:\"\0*\0lastModified\";O:8:\"DateTime\":3:{s:4:\"date\";s:26:\"2015-01-06 10:30:41.000000\";s:13:\"timezone_type\";i:3;s:8:\"timezone\";s:3:\"GMT\";}s:8:\"\0*\0title\";s:17:\"splash-warsaw.jpg\";s:10:\"\0*\0caption\";s:0:\"\";s:32:\"Flow_Persistence_RelatedEntities\";a:1:{s:8:\"resource\";a:3:{s:12:\"propertyName\";s:8:\"resource\";s:10:\"entityType\";s:28:\"TYPO3\\Flow\\Resource\\Resource\";s:10:\"identifier\";s:36:\"9378fb2e-5bef-102f-6083-37f2eea93803\";}}s:7:\"\0*\0tags\";O:33:\"Doctrine\\ORM\\PersistentCollection\":2:{s:39:\"\0Doctrine\\ORM\\PersistentCollection\0coll\";O:43:\"Doctrine\\Common\\Collections\\ArrayCollection\":1:{s:54:\"\0Doctrine\\Common\\Collections\\ArrayCollection\0_elements\";a:0:{}}s:46:\"\0Doctrine\\ORM\\PersistentCollection\0initialized\";b:1;}}}}','M12.Site:AssetListBg',0,0,NULL,NULL,0,'a:0:{}',2,'/sites/m12/teaser/node535c4ad8557db/content','ceb3f9a52467682f25e7354dd388802b','d751713988987e9331980363e24189ce','a:0:{}','6d17fcb7304e53ee5d6e6c03e783feb0',NULL),('f6f717ee-c606-e024-c72d-15bb7a882df1','live',NULL,'/sites/m12/blog/compile-neos-css-with-sourcemaps/main','1aacbed1-b8f4-467f-4b4b-ddfc703d8662',200,'a:0:{}','TYPO3.Neos:ContentCollection',0,0,NULL,NULL,0,'a:0:{}',2,'/sites/m12/blog/compile-neos-css-with-sourcemaps','6945accb9ea6cd7904ef4d235bde3ddd','d751713988987e9331980363e24189ce','a:0:{}','6a735ebdb6f194fe59353dd21fca8b5d',NULL),('f80d470b-7895-901f-b381-62a10a0e3ef0','live',NULL,'/sites/m12/blog/main/node5388c601a4394','6dbc2a03-9d60-7754-3a1b-a350366382c1',100,'a:21:{s:13:\"customTagName\";s:6:\"header\";s:5:\"title\";s:13:\"<h1>Blog</h1>\";s:9:\"classHide\";b:0;s:13:\"classClearfix\";b:0;s:10:\"classFloat\";s:0:\"\";s:14:\"classTextAlign\";s:0:\"\";s:21:\"classRadiusAndRounded\";s:0:\"\";s:21:\"classShowByScreenSize\";s:0:\"\";s:21:\"classHideByScreenSize\";s:0:\"\";s:25:\"classOrientationDetection\";s:0:\"\";s:19:\"classTouchDetection\";s:0:\"\";s:14:\"customCssClass\";s:0:\"\";s:12:\"customHtmlId\";s:0:\"\";s:13:\"customCssCode\";s:0:\"\";s:20:\"customUserAttributes\";s:0:\"\";s:10:\"customLook\";s:0:\"\";s:10:\"fragmentId\";s:0:\"\";s:15:\"magellanSupport\";b:0;s:6:\"faName\";s:0:\"\";s:9:\"faOptions\";a:1:{i:0;s:0:\"\";}s:11:\"faCustomCss\";s:0:\"\";}','TYPO3.Neos.NodeTypes:Headline',0,0,NULL,NULL,0,'a:0:{}',3,'/sites/m12/blog/main','75f7a3d0f4df4794f8eb5c467b95cbb2','d751713988987e9331980363e24189ce','a:0:{}','456c5a2f6ec22d2febd4a872f8916138',NULL),('fa46e123-0ab9-a159-cd9b-44dd84cbff0e','live',NULL,'/sites/m12/main/node5371347fd4bc5/col1/column/node537134b040315/col2','d2111df9-4457-7e14-d174-44f65a72d847',200,'a:24:{s:13:\"customTagName\";s:0:\"\";s:9:\"classHide\";b:0;s:13:\"classClearfix\";b:0;s:15:\"magellanSupport\";b:0;s:14:\"classEndColumn\";b:0;s:10:\"classFloat\";s:0:\"\";s:14:\"classTextAlign\";s:0:\"\";s:21:\"classRadiusAndRounded\";s:0:\"\";s:21:\"classShowByScreenSize\";s:0:\"\";s:21:\"classHideByScreenSize\";s:0:\"\";s:25:\"classOrientationDetection\";s:0:\"\";s:19:\"classTouchDetection\";s:0:\"\";s:14:\"customCssClass\";s:0:\"\";s:12:\"customHtmlId\";s:0:\"\";s:13:\"customCssCode\";s:0:\"\";s:20:\"customUserAttributes\";s:0:\"\";s:10:\"customLook\";s:0:\"\";s:10:\"fragmentId\";s:0:\"\";s:5:\"title\";s:0:\"\";s:13:\"classGridSize\";a:3:{i:0;s:0:\"\";i:1;s:8:\"small-12\";i:2;s:8:\"medium-6\";}s:15:\"classGridOffset\";a:1:{i:0;s:0:\"\";}s:17:\"classGridPushPull\";a:1:{i:0;s:0:\"\";}s:14:\"classGridAlign\";a:1:{i:0;s:0:\"\";}s:19:\"classGridResetOrder\";a:1:{i:0;s:0:\"\";}}','M12.Foundation:ColumnEnd',0,0,NULL,NULL,0,'a:0:{}',3,'/sites/m12/main/node5371347fd4bc5/col1/column/node537134b040315','51f5f9d309e699659d28b6f34aa38ea1','d751713988987e9331980363e24189ce','a:0:{}','f8eadc91f0b6f66331a080248c7c480c',NULL),('fac5a5b0-cbb1-267c-7fbc-cece3dbf4ed7','live',NULL,'/sites/m12/teaser/node535c4ad8557db','026e7090-3695-3152-10a0-07afa0c0a308',100,'a:5:{s:9:\"classHide\";b:0;s:13:\"classClearfix\";b:0;s:14:\"customCssClass\";s:12:\"splashScreen\";s:15:\"magellanSupport\";b:1;s:10:\"fragmentId\";s:3:\"top\";}','M12.Foundation:Container',0,0,NULL,NULL,0,'a:0:{}',2,'/sites/m12/teaser','e3d6835a85146f0b3fab4145e8d26063','d751713988987e9331980363e24189ce','a:0:{}','7c1c6ade8102174811ed8c36e22362b0',NULL),('fba515e7-8596-6571-1c6d-10d0b128eea0','live',NULL,'/sites/m12/blog/sidebar/node53a59bd2c08d8','62db6084-d5b9-8ea0-3f67-27b1698288fc',400,'a:21:{s:13:\"customTagName\";s:0:\"\";s:5:\"title\";s:197:\"<h1><a href=\"node://b915bfe6-e160-973e-0bca-df0674c2730a\" data-gentics-aloha-repository=\"node-repository\" data-gentics-aloha-object-id=\"b915bfe6-e160-973e-0bca-df0674c2730a\">About the blog</a></h1>\";s:9:\"classHide\";b:0;s:13:\"classClearfix\";b:0;s:10:\"classFloat\";s:0:\"\";s:14:\"classTextAlign\";s:0:\"\";s:21:\"classRadiusAndRounded\";s:0:\"\";s:21:\"classShowByScreenSize\";s:0:\"\";s:21:\"classHideByScreenSize\";s:0:\"\";s:25:\"classOrientationDetection\";s:0:\"\";s:19:\"classTouchDetection\";s:0:\"\";s:14:\"customCssClass\";s:0:\"\";s:12:\"customHtmlId\";s:0:\"\";s:13:\"customCssCode\";s:0:\"\";s:20:\"customUserAttributes\";s:0:\"\";s:10:\"customLook\";s:0:\"\";s:10:\"fragmentId\";s:0:\"\";s:15:\"magellanSupport\";b:0;s:6:\"faName\";s:0:\"\";s:9:\"faOptions\";a:1:{i:0;s:0:\"\";}s:11:\"faCustomCss\";s:0:\"\";}','TYPO3.Neos.NodeTypes:Headline',0,0,NULL,NULL,0,'a:0:{}',5,'/sites/m12/blog/sidebar','c48af24b227c187d887ca3bda9c28dc9','d751713988987e9331980363e24189ce','a:0:{}','770257cf45b25229dd765ca8a1bd0779',NULL),('ff5ee1e1-2dfe-b205-9444-a1db22c3fbc4','live',NULL,'/sites/m12/blog/sidebar/node539f65e8ee3d3','88330471-dd64-b67a-64c3-c98038cf4dfb',300,'a:5:{s:4:\"mode\";s:6:\"latest\";s:5:\"limit\";s:1:\"5\";s:9:\"classHide\";b:0;s:13:\"classClearfix\";b:0;s:15:\"postsSourceNode\";s:36:\"b915bfe6-e160-973e-0bca-df0674c2730a\";}','M12.Plugin.Blog:PostPlugin',0,0,NULL,NULL,0,'a:0:{}',2,'/sites/m12/blog/sidebar','0e2c46ea3514409b5cc81c2d764057b4','d751713988987e9331980363e24189ce','a:0:{}','770257cf45b25229dd765ca8a1bd0779',NULL);
/*!40000 ALTER TABLE `typo3_typo3cr_domain_model_nodedata` ENABLE KEYS */;
UNLOCK TABLES;

--
-- Table structure for table `typo3_typo3cr_domain_model_nodedimension`
--

DROP TABLE IF EXISTS `typo3_typo3cr_domain_model_nodedimension`;
/*!40101 SET @saved_cs_client     = @@character_set_client */;
/*!40101 SET character_set_client = utf8 */;
CREATE TABLE `typo3_typo3cr_domain_model_nodedimension` (
  `persistence_object_identifier` varchar(40) COLLATE utf8_unicode_ci NOT NULL,
  `nodedata` varchar(40) COLLATE utf8_unicode_ci DEFAULT NULL,
  `name` varchar(255) COLLATE utf8_unicode_ci NOT NULL,
  `value` varchar(255) COLLATE utf8_unicode_ci NOT NULL,
  PRIMARY KEY (`persistence_object_identifier`),
  UNIQUE KEY `UNIQ_6C144D3693BDC8E25E237E061D775834` (`nodedata`,`name`,`value`),
  KEY `IDX_6C144D3693BDC8E2` (`nodedata`),
  CONSTRAINT `FK_6C144D3693BDC8E2` FOREIGN KEY (`nodedata`) REFERENCES `typo3_typo3cr_domain_model_nodedata` (`persistence_object_identifier`) ON DELETE CASCADE
) ENGINE=InnoDB DEFAULT CHARSET=utf8 COLLATE=utf8_unicode_ci;
/*!40101 SET character_set_client = @saved_cs_client */;

--
-- Dumping data for table `typo3_typo3cr_domain_model_nodedimension`
--

LOCK TABLES `typo3_typo3cr_domain_model_nodedimension` WRITE;
/*!40000 ALTER TABLE `typo3_typo3cr_domain_model_nodedimension` DISABLE KEYS */;
/*!40000 ALTER TABLE `typo3_typo3cr_domain_model_nodedimension` ENABLE KEYS */;
UNLOCK TABLES;

--
-- Table structure for table `typo3_typo3cr_domain_model_workspace`
--

DROP TABLE IF EXISTS `typo3_typo3cr_domain_model_workspace`;
/*!40101 SET @saved_cs_client     = @@character_set_client */;
/*!40101 SET character_set_client = utf8 */;
CREATE TABLE `typo3_typo3cr_domain_model_workspace` (
  `baseworkspace` varchar(255) COLLATE utf8_unicode_ci DEFAULT NULL,
  `rootnodedata` varchar(40) COLLATE utf8_unicode_ci DEFAULT NULL,
  `name` varchar(255) COLLATE utf8_unicode_ci NOT NULL,
  PRIMARY KEY (`name`),
  KEY `IDX_71DE9CFBE9BFE681` (`baseworkspace`),
  KEY `IDX_71DE9CFBBB46155` (`rootnodedata`),
  CONSTRAINT `FK_71DE9CFBBB46155` FOREIGN KEY (`rootnodedata`) REFERENCES `typo3_typo3cr_domain_model_nodedata` (`persistence_object_identifier`),
  CONSTRAINT `FK_71DE9CFBE9BFE681` FOREIGN KEY (`baseworkspace`) REFERENCES `typo3_typo3cr_domain_model_workspace` (`name`) ON DELETE SET NULL
) ENGINE=InnoDB DEFAULT CHARSET=utf8 COLLATE=utf8_unicode_ci;
/*!40101 SET character_set_client = @saved_cs_client */;

--
-- Dumping data for table `typo3_typo3cr_domain_model_workspace`
--

LOCK TABLES `typo3_typo3cr_domain_model_workspace` WRITE;
/*!40000 ALTER TABLE `typo3_typo3cr_domain_model_workspace` DISABLE KEYS */;
INSERT INTO `typo3_typo3cr_domain_model_workspace` VALUES (NULL,'3a52f656-463e-0813-474a-1abe35be5b11','live'),('live','8aea346c-d2dc-ffeb-e656-96d6a0a83ce0','user-admin');
/*!40000 ALTER TABLE `typo3_typo3cr_domain_model_workspace` ENABLE KEYS */;
UNLOCK TABLES;
/*!40103 SET TIME_ZONE=@OLD_TIME_ZONE */;

/*!40101 SET SQL_MODE=@OLD_SQL_MODE */;
/*!40014 SET FOREIGN_KEY_CHECKS=@OLD_FOREIGN_KEY_CHECKS */;
/*!40014 SET UNIQUE_CHECKS=@OLD_UNIQUE_CHECKS */;
/*!40101 SET CHARACTER_SET_CLIENT=@OLD_CHARACTER_SET_CLIENT */;
/*!40101 SET CHARACTER_SET_RESULTS=@OLD_CHARACTER_SET_RESULTS */;
/*!40101 SET COLLATION_CONNECTION=@OLD_COLLATION_CONNECTION */;
/*!40111 SET SQL_NOTES=@OLD_SQL_NOTES */;

-- Dump completed on 2015-09-06  8:26:31
